1R0R_E_wt	1R0R_I_LI18H_	-0.22163
1EMV_A_HA46A_	1EMV_B_wt	-0.65733
3SGB_E_wt	3SGB_I_AI15S_	-0.21697
1JTG_A_NA100A_	1JTG_B_HB148A_	0.21356
3HFM_HL_wt	3HFM_Y_YY20L_	-0.02767
1B3S_A_AA102H_	1B3S_D_wt	-0.78202
2PCC_A_DA34A_	2PCC_B_wt	0.23847
1CHO_EFG_wt	1CHO_I_LI18M_NI36D_SI51N_	-0.42547
1JTG_A_GA238S_	1JTG_B_FB142A_	0.14829
1EAW_A_QA175A_	1EAW_B_wt	-0.27917
3SGB_E_wt	3SGB_I_AI15R_TI17P_LI18R_	0.5343
1PPF_E_wt	1PPF_I_LI18M_SI51N_	-0.05372
1CHO_EFG_wt	1CHO_I_PI14C_	-0.47479
1JTG_A_NA100A_	1JTG_B_WB162A_	0.21356
1FFW_A_DA13K_	1FFW_B_wt	0.33519
2FTL_E_wt	2FTL_I_KI15W_	0.20944
1CHO_EFG_wt	1CHO_I_YI20T_	-0.05288
3SGB_E_wt	3SGB_I_PI14G_	-0.30132
1EAW_A_RA222A_	1EAW_B_wt	-0.27473
2G2U_A_wt	2G2U_B_YB50A_	0.11987
1GC1_G_wt	1GC1_C_YC82A_	0.11592
2I26_N_wt	2I26_L_wt	0.04452
1DAN_HL_wt	1DAN_UT_KT46A_	0.07066
1CHO_EFG_wt	1CHO_I_NI36V_	-0.37477
1A4Y_A_WA438A_SA439A_EA440A_	1A4Y_B_wt	-0.76319
3SGB_E_wt	3SGB_I_GI32I_	0.09611
1IAR_A_EA19R_	1IAR_B_wt	-0.20773
1B2S_A_wt	1B2S_D_AD43T_	-0.23212
3HFM_HL_YH33F_	3HFM_Y_wt	0.04994
2PCC_A_EA290A_	2PCC_B_KB72A_	0.43787
2G2U_A_wt	2G2U_B_YB53A_	0.55648
3SGB_E_wt	3SGB_I_LI18G_	0.18575
1PPF_E_wt	1PPF_I_NI36F_	0.0042
2SIC_E_wt	2SIC_I_MI73L_	-0.34987
1PPF_E_wt	1PPF_I_EI10G_KI13Q_TI17S_RI21V_LI23F_GI32S_NI36D_VI42A_EI43D_	-0.12772
3SGB_E_wt	3SGB_I_GI32T_	-0.00744
1PPF_E_wt	1PPF_I_KI13W_	-0.09568
1FFW_A_EA93K_	1FFW_B_wt	0.41238
2WPT_A_DA33A_	2WPT_B_wt	0.05833
1A22_A_IA4A_	1A22_B_wt	-0.04997
3SGB_E_wt	3SGB_I_AI15V_TI17S_	-0.14841
1R0R_E_wt	1R0R_I_LI18E_	-0.06605
3SGB_E_wt	3SGB_I_LI18M_TI49N_KI55T_	-0.27929
1CHO_EFG_wt	1CHO_I_KI13G_	-0.19867
2HRK_A_TA127V_	2HRK_B_wt	0.21802
1CHO_EFG_wt	1CHO_I_NI36F_	-0.14505
2B10_A_wt	2B10_B_SB82F_	0.33956
1JTG_A_wt	1JTG_B_KB74A_FB142A_	0.48779
1CHO_EFG_wt	1CHO_I_AI15D_	-0.378
1CHO_EFG_wt	1CHO_I_GI32F_	-0.36795
1JRH_LH_wt	1JRH_I_EI55P_II57L_	-0.28661
3HFM_HL_YL50A_	3HFM_Y_wt	0.15907
1BRS_A_RA87A_	1BRS_D_ED76A_	-0.08396
2J1K_C_GC370D_	2J1K_T_wt	-0.06456
1DVF_AB_wt	1DVF_CD_KD30A_	0.15224
1EMV_A_wt	1EMV_B_NB75A_	-0.46605
1JTG_A_wt	1JTG_B_TB140K_QB157K_	-0.11488
1SIB_E_wt	1SIB_I_KI53R_	-0.29191
1JTG_A_EA104A_YA105A_	1JTG_B_FB142A_YB143A_	0.28739
2FTL_E_wt	2FTL_I_KI15N_	0.14714
1JTG_A_EA104A_	1JTG_B_KB74A_FB142A_YB143A_	0.24209
2I9B_A_wt	2I9B_E_HE143A_	-0.02809
2HRK_A_KA159A_	2HRK_B_wt	0.24121
1R0R_E_wt	1R0R_I_TI17P_LI18K_EI19D_LI23V_SI51N_	0.46488
1PPF_E_wt	1PPF_I_YI20M_	0.09927
3SGB_E_wt	3SGB_I_YI20K_	0.0312
4CPA_A_wt	4CPA_I_VI38F_	-0.06456
1BRS_A_EA60A_	1BRS_D_wt	-0.67587
1A22_A_wt	1A22_B_KB321A_	-0.11246
3SGB_E_wt	3SGB_I_NI36D_	-0.21697
2PCB_A_AA193F_	2PCB_B_wt	0.52892
1TM1_E_wt	1TM1_I_TI58A_EI60A_	-0.17961
1FY8_E_wt	1FY8_I_wt	0.44952
1CHO_EFG_wt	1CHO_I_PI14Q_	-0.44961
1Z7X_W_QW430A_VW432A_	1Z7X_X_wt	-0.58893
1DAN_HL_wt	1DAN_UT_QT37A_	-0.17731
1PPF_E_wt	1PPF_I_YI20D_	0.45422
1CHO_EFG_wt	1CHO_I_YI20K_	-0.06652
1CHO_EFG_wt	1CHO_I_TI17S_	-0.1467
1R0R_E_wt	1R0R_I_NI36E_	-0.29786
3SGB_E_wt	3SGB_I_GI32P_	-0.19867
1JTG_A_KA234A_	1JTG_B_FB142A_YB143A_	0.4708
1DVF_AB_YA49A_	1DVF_CD_wt	0.2196
1CT0_E_wt	1CT0_I_wt	0.10258
1VFB_AB_SA93A_	1VFB_C_wt	0.12275
3HFM_HL_wt	3HFM_Y_KY97A_	0.31624
2JEL_LH_wt	2JEL_P_TP7N_	0.01736
2J0T_A_wt	2J0T_D_TD2A_	0.34509
1CHO_EFG_wt	1CHO_I_TI17R_	0.0042
1SGN_E_wt	1SGN_I_NI18L_	-0.30661
2WPT_A_wt	2WPT_B_TB87A_	0.17287
1DAN_HL_wt	1DAN_UT_NU138A_	0.03892
2C0L_A_wt	2C0L_B_wt	0.16645
3HFM_HL_wt	3HFM_Y_KY97R_	0.06306
1CHO_EFG_wt	1CHO_I_PI14F_	-0.40827
1REW_AB_HA39D_LA100A_HB39D_LB100A_	1REW_C_wt	-0.1006
1KAC_A_wt	1KAC_B_wt	0.24653
1EMV_A_EA32D_LA33D_VA34N_TA38R_HA39E_EA42R_MA43L_SA48D_KA57R_EA58D_GA59D_DA60R_DA61E_SA65E_NA69K_TA70E_VA71I_QA73E_	1EMV_B_wt	0.06351
1CHO_EFG_wt	1CHO_I_YI20V_	-0.03716
3SGB_E_wt	3SGB_I_KI13W_	-0.30793
1EMV_A_VA37A_	1EMV_B_wt	-0.57429
1DAN_HL_wt	1DAN_UT_KU149A_DU150A_	0.0088
1KTZ_A_VA92I_	1KTZ_B_wt	0.18924
1HE8_A_KA223V_	1HE8_B_wt	0.39523
3BK3_A_wt	3BK3_C_IC2R_	0.15907
1BRS_A_EA73Q_	1BRS_D_wt	-0.624
1GC1_G_wt	1GC1_C_KC22A_	0.01114
1Y48_E_wt	1Y48_I_wt	-0.05715
1R0R_E_wt	1R0R_I_YI20R_	0.16218
1GC1_G_wt	1GC1_C_DC53A_	0.01736
1CHO_EFG_wt	1CHO_I_GI32C_	-0.12772
1LFD_A_LA23K_	1LFD_B_wt	0.35729
1A22_A_wt	1A22_B_RB239A_	-0.11582
1Z7X_W_IW459A_	1Z7X_X_wt	-0.64898
2VIR_AB_wt	2VIR_C_TC131I_	0.4016
1X1X_A_wt	1X1X_D_AD76E_	-0.20816
1A22_A_wt	1A22_B_KB403A_DB405A_KB406A_EB407A_EB409A_	-0.03093
2O3B_A_wt	2O3B_B_EB24D_	-0.36819
2PCC_A_VA197A_	2PCC_B_KB72A_	0.60731
1EMV_A_EA42A_	1EMV_B_wt	-0.67468
1H9D_A_wt	1H9D_B_GB61A_	0.41012
1GC1_G_wt	1GC1_C_SC23A_	0.01638
1CHO_EFG_wt	1CHO_I_YI20Q_	-0.06759
1AHW_AB_wt	1AHW_C_KC165A_KC166A_	-0.14888
1CHO_EFG_wt	1CHO_I_AI15W_	-0.56746
1A22_A_RA183A_	1A22_B_wt	-0.0406
3SGB_E_wt	3SGB_I_AI15Y_	-0.4687
3HFM_HL_wt	3HFM_Y_wt	-0.23481
1CHO_EFG_wt	1CHO_I_LI18C_	-0.11798
3BTD_E_wt	3BTD_I_wt	0.48972
3SGB_E_wt	3SGB_I_RI21V_LI23I_	-0.28999
1HE8_A_KA223V_EA919K_	1HE8_B_wt	0.3037
3SGB_E_wt	3SGB_I_LI18H_	-0.13796
1LFD_A_DA51K_	1LFD_B_wt	0.25048
1BRS_A_RA83Q_	1BRS_D_WD38F_	-0.09474
1JRH_LH_wt	1JRH_I_AI103L_VI104M_	0.13151
1LFD_A_NA54K_	1LFD_B_wt	0.24231
1NCA_N_wt	1NCA_LH_EH96D_	0.18362
1A4Y_A_YA434A_YA437A_	1A4Y_B_RB5A_	-0.10959
2J0T_A_wt	2J0T_D_TD2S_VD4A_SD68Y_	0.07151
1R0R_E_wt	1R0R_I_AI15G_	-0.16828
1JTG_A_RA243A_	1JTG_B_DB49A_	0.12468
1BRS_A_HA102A_	1BRS_D_TD42A_	0.04262
1SGQ_E_wt	1SGQ_I_wt	0.18575
1F47_A_FA11A_	1F47_B_wt	0.74517
1PPF_E_wt	1PPF_I_TI17A_	0.13638
1PPF_E_wt	1PPF_I_NI36L_	0.08302
1CHO_EFG_wt	1CHO_I_LI18N_	-0.04766
1DAN_HL_wt	1DAN_UT_NU173A_EU174A_	0.01648
3SGB_E_wt	3SGB_I_TI17N_	0.01363
1R0R_E_wt	1R0R_I_PI14K_	-0.24377
3SGB_E_wt	3SGB_I_TI17P_LI18K_EI19D_LI23V_GI32S_SI51N_	0.19084
1A4Y_A_wt	1A4Y_B_HB114A_	-0.9049
1DQJ_AB_SA91A_	1DQJ_C_RC21A_	0.2883
1CHO_EFG_wt	1CHO_I_LI18D_	0.33064
2JEL_LH_wt	2JEL_P_RP17G_	-0.02359
1BRS_A_RA87A_	1BRS_D_TD42A_	-0.06863
1VFB_AB_wt	1VFB_C_SC24A_	0.14566
1DAN_HL_wt	1DAN_UT_SU195A_RU196A_	0.08262
1TO1_E_wt	1TO1_I_wt	-0.1344
1R0R_E_wt	1R0R_I_NI36T_	-0.22163
1DVF_AB_YA32A_	1DVF_CD_RD100bA_	0.51616
1REW_AB_HA39D_SA88A_HB39D_SB88A_	1REW_C_wt	-0.09415
3SGB_E_wt	3SGB_I_YI20Q_	0.01626
3SGB_E_wt	3SGB_I_PI14N_	-0.31888
1JTG_A_wt	1JTG_B_VB165K_DB163K_DB135K_NB89K_	-0.41051
1A22_A_wt	1A22_B_RB243A_	0.02422
1A22_A_wt	1A22_B_RB270A_RB271A_EB275A_	-0.04667
3SGB_E_wt	3SGB_I_RI21M_KI29Q_GI32S_EI43D_	-0.09947
3SGB_E_wt	3SGB_I_NI36M_	-0.29276
1A22_A_YA42A_QA46A_	1A22_B_wt	0.00167
1X1W_A_wt	1X1W_D_AD80E_	-0.20816
1R0R_E_wt	1R0R_I_KI13I_	-0.16708
2FTL_E_wt	2FTL_I_wt	-0.64792
3SGB_E_wt	3SGB_I_RI21H_	-0.26196
3SGB_E_wt	3SGB_I_PI14T_	-0.3173
3SGB_E_wt	3SGB_I_GI32C_	-0.04962
1CBW_FGH_wt	1CBW_I_KI15A_	0.27376
1JTG_A_EA104A_	1JTG_B_SB113A_	0.18978
1EAW_A_QA145A_	1EAW_B_wt	-0.2353
1R0R_E_wt	1R0R_I_AI15V_	-0.37314
1R0R_E_wt	1R0R_I_TI17E_	0.01934
1DAN_HL_wt	1DAN_UT_RU144A_	0.01863
1PPF_E_wt	1PPF_I_EI10D_RI21M_LI23F_NI28S_GI32S_EI43D_	-0.13212
1PPF_E_wt	1PPF_I_RI21S_	-0.13618
1LFD_A_wt	1LFD_B_wt	0.35884
1AHW_AB_wt	1AHW_C_TC121A_KC122K_	0.04755
1VFB_AB_YA49A_	1VFB_C_wt	0.1681
1CBW_FGH_wt	1CBW_I_RI17A_	0.11874
3HFM_HL_YL96F_	3HFM_Y_wt	-0.15584
1JCK_A_wt	1JCK_B_wt	0.3846
2NU4_E_wt	2NU4_I_KI18L_	-0.30661
2J1K_C_RC515A_	2J1K_T_wt	-0.07774
1JTG_A_wt	1JTG_B_YB53A_	0.21102
1DAN_HL_wt	1DAN_UT_LT59A_	0.03892
1R0R_E_wt	1R0R_I_TI17H_	-0.22595
3BN9_B_RB222A_	3BN9_CD_wt	-0.35775
1DAN_HL_wt	1DAN_UT_DT44A_FU140A_	-0.17447
1A22_A_wt	1A22_B_EB375A_	-0.15055
3BN9_B_KB224A_	3BN9_CD_wt	-0.27008
1R0R_E_wt	1R0R_I_NI36P_	-0.13212
1AK4_A_wt	1AK4_D_PD485A_	0.57481
3BN9_B_QB221aA_	3BN9_CD_wt	-0.27799
1PPF_E_wt	1PPF_I_AI15R_	-0.20346
1CHO_EFG_wt	1CHO_I_AI15M_	-0.36416
1CHO_EFG_wt	1CHO_I_RI21K_	-0.31279
1DAN_HL_wt	1DAN_UT_EU105A_	0.03295
1CHO_EFG_wt	1CHO_I_RI21P_	0.33929
3HFM_HL_YL96A_	3HFM_Y_RY21A_	0.27872
1R0R_E_wt	1R0R_I_NI36K_	-0.16475
1R0R_E_wt	1R0R_I_LI18M_HI52R_	-0.30893
1JTG_A_EA104K_	1JTG_B_FB142A_	0.23535
1B2S_A_AA27K_	1B2S_D_wt	-0.58355
1R0R_E_wt	1R0R_I_TI17P_LI18K_EI19D_LI23V_GI32S_SI51N_	0.47788
1R0R_E_wt	1R0R_I_KI13Q_	-0.32992
1CHO_EFG_wt	1CHO_I_LI18M_TI30S_GI32D_	-0.02558
1JRH_LH_WH53A_	1JRH_I_wt	0.29994
1PPF_E_wt	1PPF_I_KI13L_	-0.13796
1JTG_A_KA234A_SA235A_SA130A_RA243A_	1JTG_B_wt	0.30316
1JRH_LH_WL92A_	1JRH_I_wt	0.33956
1PPF_E_wt	1PPF_I_AI15L_	-0.17572
1GL0_E_wt	1GL0_I_MI30K_LI29R_	0.33519
1KIP_AB_wt	1KIP_C_wt	0.06869
1PPF_E_wt	1PPF_I_PI14S_	-0.23371
1CHO_EFG_wt	1CHO_I_EI10G_LI18M_RI21M_EI43D_KI55E_	-0.19192
3SGB_E_wt	3SGB_I_RI21V_	-0.30893
1PPF_E_wt	1PPF_I_EI19N_	-0.05814
1PPF_E_wt	1PPF_I_GI32K_	0.14787
1PPF_E_wt	1PPF_I_EI10D_AI15V_TI17P_EI19D_RI21M_NI28S_GI32S_NI45S_SI51R_	0.1505
1R0R_E_wt	1R0R_I_EI19F_	0.07835
1R0R_E_wt	1R0R_I_AI15L_	-0.45038
2G2U_A_wt	2G2U_B_wt	0.33259
2FTL_E_wt	2FTL_I_KI15A_	0.37601
1BRS_A_wt	1BRS_D_DD35A_	-0.06097
1VFB_AB_wt	1VFB_C_VC120A_	0.15224
2JEL_LH_wt	2JEL_P_KP79E_	0.01736
1FFW_A_YA106W_	1FFW_B_wt	0.4016
3SGB_E_wt	3SGB_I_EI10D_LI18V_RI21M_GI32D_EI43D_	0.08993
1CHO_EFG_wt	1CHO_I_GI32D_	-0.07207
1XD3_A_wt	1XD3_B_RB42L_	0.13967
1EMV_A_wt	1EMV_B_KB97A_	-0.50346
1JTG_A_QA99A_	1JTG_B_WB112A_	0.35666
2JEL_LH_wt	2JEL_P_AP82S_	-0.02359
1CHO_EFG_wt	1CHO_I_LI18V_	0.04252
1PPF_E_wt	1PPF_I_EI10D_AI15V_YI20E_RI21M_EI43D_	0.46488
1F47_A_IA8A_	1F47_B_wt	0.75223
1GC1_G_wt	1GC1_C_DC10A_	-0.01282
1PPF_E_wt	1PPF_I_PI14N_	-0.24054
1PPF_E_wt	1PPF_I_YI20T_	0.31999
3NPS_A_EA169A_	3NPS_BC_wt	-0.18392
1REW_AB_wt	1REW_C_wt	-0.10803
1CHO_EFG_wt	1CHO_I_LI18G_	0.22081
2I9B_A_wt	2I9B_E_KE139A_	-0.02683
1A22_A_KA168A_	1A22_B_wt	-0.11018
1LFD_A_LA55K_	1LFD_B_wt	0.30189
1R0R_E_wt	1R0R_I_GI32A_	-0.14832
1CHO_EFG_wt	1CHO_I_AI15G_TI17M_LI18M_YI20R_RI21L_GI32N_NI33D_SI51N_KI55E_	0.52775
3SGB_E_wt	3SGB_I_TI17P_LI18K_EI19D_LI23V_SI51N_	0.17676
1A22_A_wt	1A22_B_WB276A_	-0.07288
1R0R_E_wt	1R0R_I_RI21V_	-0.26636
1JTG_A_SA235A_SA130A_	1JTG_B_wt	0.14
1VFB_AB_YB32A_	1VFB_C_wt	0.15362
1E96_A_LA134R_	1E96_B_wt	0.19959
3SGB_E_wt	3SGB_I_EI19C_	-0.19102
1VFB_AB_DB54A_	1VFB_C_TC118A_	0.18593
2FTL_E_wt	2FTL_I_KI15D_	0.48972
1CHO_EFG_wt	1CHO_I_KI13V_	-0.25973
1CBW_FGH_wt	1CBW_I_KI15L_	-0.09155
3HFM_HL_wt	3HFM_Y_SY100A_	-0.21894
1Y34_E_wt	1Y34_I_AI60E_	-0.43179
2QJB_AB_wt	2QJB_C_RC88K_TC90S_IC92K_PC93A_HC94Q_QC95L_SC98T_TC74A_LC78M_GC79K_LC80Y_HC42G_EC46D_TC61A_MC62I_	-0.10959
3SGB_E_wt	3SGB_I_EI10D_LI18F_RI21M_EI43D_	-0.22992
1DVF_AB_DB100A_	1DVF_CD_HD33A_	0.46603
1JTG_A_EA104A_	1JTG_B_KB74A_YB143A_	0.1086
1CBW_FGH_wt	1CBW_I_KI15D_	0.5866
1A22_A_wt	1A22_B_CB308A_	-0.09074
1DQJ_AB_SA91A_	1DQJ_C_YC20A_	0.32845
1R0R_E_wt	1R0R_I_LI18V_	-0.06546
3SGB_E_wt	3SGB_I_GI32A_	-0.17933
1GC1_G_wt	1GC1_C_QC64A_	0.03133
1CHO_EFG_wt	1CHO_I_EI10D_LI18F_RI21M_EI43D_	-0.27592
1R0R_E_wt	1R0R_I_AI15T_	-0.15289
1R0R_E_wt	1R0R_I_LI18M_TI30S_GI32D_	-0.06652
3SGB_E_wt	3SGB_I_GI32Y_	-0.00195
2WPT_A_NA34V_RA38T_	2WPT_B_wt	-0.18665
1CHO_EFG_wt	1CHO_I_EI10D_YI11H_TI17L_LI18Q_YI20Q_RI21K_GI32D_NI36S_EI43D_	0.71804
1A22_A_QA69A_	1A22_B_wt	-0.09573
1PPF_E_wt	1PPF_I_EI10D_AI15V_EI19D_RI21M_KI29T_GI32S_EI43D_LI48I_	0.01117
1FY8_E_QE156K_	1FY8_I_wt	0.56636
4CPA_A_wt	4CPA_I_wt	-0.06456
1MAH_A_FA297Y_	1MAH_F_wt	-0.5013
3SGB_E_wt	3SGB_I_EI10D_AI15V_TI17S_EI19D_RI21M_KI29T_GI32N_NI36I_EI43D_LI48I_	0.11271
3HFM_HL_wt	3HFM_Y_DY101G_	-0.18951
1TM7_E_wt	1TM7_I_wt	-0.42615
2A9K_A_wt	2A9K_B_wt	0.11386
1PPF_E_wt	1PPF_I_GI32L_	0.13052
1FC2_C_IC150A_	1FC2_D_wt	0.48917
1CBW_FGH_wt	1CBW_I_VI34A_	0.06918
1NMB_N_wt	1NMB_LH_DH56N_	0.43182
1EMV_A_QA17E_LA18F_TA20K_TA21K_NA24R_DA26E_TA27G_SA28A_SA29T_SA48D_KA57R_EA58D_GA59D_DA60R_DA61E_SA65E_NA69K_TA70E_VA71I_QA73E_	1EMV_B_wt	-0.56348
2WPT_A_EA17Q_FA18L_KA20T_KA21T_RA24N_EA26D_GA27T_AA28S_TA29S_	2WPT_B_wt	0.06351
1CHO_EFG_wt	1CHO_I_PI14L_	-0.42962
1DVF_AB_RB99A_	1DVF_CD_wt	0.23916
1A22_A_wt	1A22_B_IB365A_	0.0945
1BRS_A_RA59A_	1BRS_D_DD35A_	-0.13702
1FC2_C_FC149A_	1FC2_D_wt	0.11839
1CHO_EFG_wt	1CHO_I_AI15K_	-0.13212
1PPF_E_wt	1PPF_I_LI18S_	0.12679
1CHO_EFG_wt	1CHO_I_wt	-0.37817
3SGB_E_wt	3SGB_I_EI10D_KI13R_AI15V_EI19D_RI21M_GI32S_EI43D_LI48I_KI55R_	-0.31462
1JTG_A_RA243A_SA235A_KA234A_	1JTG_B_DB49A_	0.22774
1JTG_A_KA234A_	1JTG_B_KB74A_FB142A_	0.58539
1PPF_E_wt	1PPF_I_LI18N_	0.33673
1R0R_E_wt	1R0R_I_AI15Y_	-0.36019
1HE8_A_KA223V_KA256A_	1HE8_B_wt	0.51297
2JEL_LH_wt	2JEL_P_HP76D_	-0.08852
2JEL_LH_wt	2JEL_P_TP34Q_	-0.02359
2G2U_A_wt	2G2U_B_FB142A_	0.35442
1R0R_E_wt	1R0R_I_RI21K_	-0.28713
1R0R_E_wt	1R0R_I_YI20G_	0.3523
1FFW_A_EA117K_	1FFW_B_wt	0.4016
1R0R_E_wt	1R0R_I_KI13M_	-0.33291
3SGB_E_wt	3SGB_I_LI18M_TI30S_GI32D_	-0.07764
1MQ8_A_wt	1MQ8_B_wt	0.3846
1CHO_EFG_wt	1CHO_I_GI32Q_	-0.14344
1CHO_EFG_wt	1CHO_I_VI6I_EI10D_AI15V_TI17S_RI21M_NI28S_GI32S_EI43D_TI49I_	0.15599
1JRH_LH_YH58A_	1JRH_I_wt	0.18362
1JTG_A_RA243A_	1JTG_B_KB74A_YB143A_	0.43999
1R0R_E_wt	1R0R_I_EI10D_LI18M_RI21M_GI32D_EI43D_	-0.07764
1A22_A_wt	1A22_B_RB411A_	-0.13702
1R0R_E_wt	1R0R_I_EI19H_	-0.10953
3SGB_E_wt	3SGB_I_DI7N_EI10D_AI15V_TI17S_EI19L_RI21M_VI42A_EI43D_	-0.0469
3SGB_E_wt	3SGB_I_GI32E_	-0.11248
1VFB_AB_wt	1VFB_C_NC19A_	0.10026
1BRS_A_RA87A_	1BRS_D_WD38F_	-0.06655
1JTG_A_RA243A_	1JTG_B_FB142A_YB143A_	0.45692
3SGB_E_wt	3SGB_I_EI10D_KI13Q_AI15V_TI17M_LI18G_EI19D_RI21M_NI28S_GI32S_EI43D_SI51N_	0.26653
3SGB_E_wt	3SGB_I_PI14K_	-0.29538
1GC1_G_wt	1GC1_C_TC17A_	-0.0256
1GL0_E_wt	1GL0_I_wt	-0.04638
1JTG_A_RA243A_SA130A_	1JTG_B_DB49A_	0.1502
1CHO_EFG_wt	1CHO_I_PI14A_	-0.34055
1GC1_G_wt	1GC1_C_NC66A_	-0.0162
1A22_A_wt	1A22_B_DB332A_	-0.03437
1PPF_E_wt	1PPF_I_AI15N_	-0.08739
2VLQ_A_wt	2VLQ_B_AB86F_	-0.699
1CHO_EFG_wt	1CHO_I_LI18S_RI21V_LI23I_	0.33292
1PPF_E_wt	1PPF_I_NI36V_	-0.14344
1FCC_A_wt	1FCC_C_EC42A_	0.2738
1R0R_E_wt	1R0R_I_TI17F_	-0.28418
1DAN_HL_wt	1DAN_UT_DT54A_ET56A_	0.06214
1CBW_FGH_wt	1CBW_I_KI15G_	0.47657
1GC1_G_wt	1GC1_C_RC58A_	0.00037
1PPF_E_wt	1PPF_I_AI15S_	-0.10303
1NMB_N_wt	1NMB_LH_DH56E_	0.43182
1Z7X_W_EW344A_	1Z7X_X_wt	-0.52689
1CSE_E_wt	1CSE_I_LI45I_	-0.17469
1CT0_E_wt	1CT0_I_SI18L_	-0.30661
1BRS_A_DA54A_	1BRS_D_wt	-0.73797
3BN9_B_FB94A_	3BN9_CD_wt	-0.28462
1PPF_E_wt	1PPF_I_RI21H_	-0.22595
3HFM_HL_wt	3HFM_Y_IY98A_	-0.24566
1R0R_E_wt	1R0R_I_RI21M_	-0.23371
1H9D_A_wt	1H9D_B_VB4A_	0.34843
2ABZ_B_wt	2ABZ_E_wt	-0.02767
1CHO_EFG_wt	1CHO_I_DI7N_EI10D_AI15V_TI17S_EI19L_RI21M_VI42A_EI43D_	0.25766
1A22_A_wt	1A22_B_TB301A_	-0.00546
1FC2_C_LC136D_	1FC2_D_wt	0.2295
1JTG_A_RA243A_	1JTG_B_KB74A_FB142A_YB143A_	0.52824
1R0R_E_wt	1R0R_I_AI15W_	-0.2573
1PPF_E_wt	1PPF_I_RI21M_	-0.25222
3HFM_HL_wt	3HFM_Y_DY101F_	0.00701
2WPT_A_wt	2WPT_B_NB75A_	0.26015
3HFM_HL_wt	3HFM_Y_DY101N_	-0.07653
1BRS_A_EA73Q_	1BRS_D_DD39A_	-0.04997
3SGB_E_wt	3SGB_I_AI15V_TI17S_RI21M_NI28S_KI29Q_GI32S_KI34E_EI43D_	0.13436
3SGB_E_wt	3SGB_I_LI18I_GI32D_	0.2686
1AK4_A_wt	1AK4_D_PD490A_	0.68326
1GCQ_AB_wt	1GCQ_C_GC611V_	0.48389
2J0T_A_wt	2J0T_D_CD1S_FD12Y_	0.33606
1FR2_A_wt	1FR2_B_wt	-0.53247
2VLJ_ABC_wt	2VLJ_DE_IE53L_	0.55859
1GC1_G_wt	1GC1_C_NC39A_	0.03362
1XD3_A_wt	1XD3_B_IB44A_	0.25484
1KTZ_A_wt	1KTZ_B_DB32A_	0.44866
1MQ8_A_wt	1MQ8_B_CB161L_KB160C_	0.44544
1A22_A_EA186A_	1A22_B_wt	-0.09593
1R0R_E_wt	1R0R_I_NI36M_	-0.24672
2PCC_A_VA197A_	2PCC_B_AB81G_	0.53767
1DAN_HL_wt	1DAN_UT_LU133A_	0.01618
3HFM_HL_DH32N_	3HFM_Y_wt	-0.27872
1CHO_EFG_wt	1CHO_I_AI15E_	-0.35587
1IAR_A_EA19A_	1IAR_B_wt	-0.22798
1JTG_A_QA99A_	1JTG_B_wt	0.04666
1MAH_A_WA286R_	1MAH_F_wt	0.29872
2B42_A_HA374A_	2B42_B_wt	0.08955
2WPT_A_wt	2WPT_B_RB54A_	0.22231
1R0R_E_wt	1R0R_I_RI21F_	-0.23371
1R0R_E_wt	1R0R_I_EI10D_AI15V_TI17S_RI21M_NI28S_GI32S_NI36D_EI43D_TI49N_	-0.27041
1JRH_LH_YH32A_	1JRH_I_wt	0.20135
1EAW_A_QA174A_	1EAW_B_wt	-0.20953
1CHO_EFG_wt	1CHO_I_EI10D_AI15V_TI17S_RI21M_NI28S_GI32S_NI36D_EI43D_TI49N_	0.04252
1R0R_E_wt	1R0R_I_RI21S_	-0.27929
3BTD_E_wt	3BTD_I_DI515K_	-0.64602
1CBW_FGH_wt	1CBW_I_II18A_	0.20387
1A22_A_VA185A_	1A22_B_wt	-0.00399
3BN9_B_HB143A_	3BN9_CD_wt	-0.33992
1F47_A_LA12A_	1F47_B_wt	0.73019
1DAN_HL_wt	1DAN_UT_TU132A_	0.03892
1REW_AB_wt	1REW_C_KC88R_SC90T_KC92I_AC93P_QC94H_LC95Q_TC98D_AC74T_MC78L_KC79G_YC80L_GC42H_DC46E_AC61T_IC62M_	0.0054
1JTG_A_wt	1JTG_B_KB74A_FB142A_YB143A_	0.39234
3BN9_B_IB41A_	3BN9_CD_wt	-0.3484
1JTG_A_RA243A_SA235A_	1JTG_B_wt	0.09879
1R0R_E_wt	1R0R_I_TI17G_	0.0312
1R0R_E_wt	1R0R_I_RI21L_	-0.25484
1JTG_A_EA168A_	1JTG_B_DB49A_	0.15392
3BK3_A_wt	3BK3_C_IC27R_	0.21139
1A22_A_wt	1A22_B_KB310A_	-0.13838
1JTG_A_QA99A_	1JTG_B_WB162A_	0.29219
1CHO_EFG_wt	1CHO_I_EI10D_LI18V_RI21M_EI43D_	0.27268
2VLP_A_wt	2VLP_B_wt	-0.53279
1CHO_EFG_wt	1CHO_I_EI19I_	-0.11798
1R0R_E_wt	1R0R_I_AI15T_LI18M_	-0.25222
3SGB_E_wt	3SGB_I_NI36F_	-0.32052
1VFB_AB_wt	1VFB_C_TC118A_	0.13708
3NPS_A_RA60cA_	3NPS_BC_wt	-0.35137
2O3B_A_wt	2O3B_B_DB75E_	0.11441
1CHO_EFG_wt	1CHO_I_TI17P_LI18K_EI19D_LI23V_GI32S_SI51N_	0.36225
1REW_AB_AA34D_DA53A_AB34D_DB53A_	1REW_C_wt	-0.13079
1GC1_G_wt	1GC1_C_KC29A_	0.04067
1A4Y_A_KA320A_	1A4Y_B_wt	-0.97223
2NU1_E_wt	2NU1_I_wt	-0.13796
1E96_A_NA26H_	1E96_B_wt	0.32041
2JEL_LH_wt	2JEL_P_KP27E_	-0.02359
1LFD_A_DA51A_	1LFD_B_wt	0.30108
1XD3_A_wt	1XD3_B_DB52A_	0.20317
3SGB_E_wt	3SGB_I_LI18M_YI20Q_	0.065
1R0R_E_wt	1R0R_I_GI32I_	-0.08273
3SGB_E_wt	3SGB_I_TI17R_	-0.11248
1PPF_E_wt	1PPF_I_EI10D_AI15V_TI17S_YI20D_RI21M_NI28S_GI32S_EI43D_	0.5587
1R0R_E_wt	1R0R_I_LI18C_	-0.41016
1CSE_E_wt	1CSE_I_wt	-0.46818
2B0Z_A_wt	2B0Z_B_IB82F_	0.33956
1DAN_HL_wt	1DAN_UT_VU207A_	0.08336
1R0R_E_wt	1R0R_I_NI36F_	-0.29538
3SGB_E_wt	3SGB_I_LI18A_	-0.01408
1DAN_HL_wt	1DAN_UT_EU99A_	0.00141
1VFB_AB_wt	1VFB_C_KC116A_	0.13193
1A22_A_wt	1A22_B_FB300A_	-0.14415
1EMV_A_EA30A_	1EMV_B_wt	-0.59903
3SGB_E_wt	3SGB_I_TI17F_	0.05151
1GL0_E_wt	1GL0_I_MI30K_	-0.10319
1CHO_EFG_wt	1CHO_I_RI21V_	-0.17469
2WPT_A_EA39H_	2WPT_B_wt	0.07532
1VFB_AB_WA92A_	1VFB_C_IC124A_	0.44495
1R0R_E_wt	1R0R_I_TI17K_	-0.08739
1JTG_A_MA129A_	1JTG_B_YB53A_	0.3638
2WPT_A_RA38T_	2WPT_B_wt	-0.03205
1UUZ_A_HA62D_	1UUZ_D_wt	0.24854
3HFM_HL_WH98A_	3HFM_Y_wt	0.25417
1R0R_E_wt	1R0R_I_YI20I_	0.0042
1BRS_A_RA87A_	1BRS_D_DD39A_	-0.05216
1NMB_N_wt	1NMB_LH_TL93W_	0.15547
2G2U_A_DA104K_	2G2U_B_wt	0.2877
2I26_N_SN61R_	2I26_L_wt	-0.01796
3HFM_HL_wt	3HFM_Y_DY101R_	0.00218
1CHO_EFG_wt	1CHO_I_EI10D_AI15V_TI17S_RI21M_NI28S_GI32N_NI36D_SI51G_	0.05151
3D5R_A_wt	3D5R_C_AC48N_	-0.05809
3SGB_E_wt	3SGB_I_AI15T_LI18M_	-0.25973
3SGB_E_wt	3SGB_I_KI13V_	-0.4006
1HE8_A_wt	1HE8_B_wt	0.34862
2J0T_A_wt	2J0T_D_TD2S_VD4A_	-0.01796
1DAN_HL_wt	1DAN_UT_DT58A_	0.21736
1DAN_HL_wt	1DAN_UT_TU203A_	0.03241
1A22_A_wt	1A22_B_DB326A_	-0.02959
1A22_A_FA176A_	1A22_B_wt	-0.05378
1REW_AB_EA109R_EB109R_	1REW_C_wt	-0.08563
2G2U_A_wt	2G2U_B_FB36A_	0.60258
1R0R_E_wt	1R0R_I_EI10G_LI18M_YI20S_LI23I_KI29T_GI32S_HI52Y_FI53P_KI55V_	0.05151
1DVF_AB_YA50A_	1DVF_CD_wt	0.12073
1XD3_A_wt	1XD3_B_KB27R_	0.25484
1S1Q_A_VA43A_	1S1Q_B_wt	0.77411
1NCA_N_wt	1NCA_LH_NH98Q_	0.1968
1Y48_E_wt	1Y48_I_AI65R_	-0.43179
2A9K_A_wt	2A9K_B_GB99D_	0.35434
1BRS_A_RA59A_	1BRS_D_ED80A_	-0.25003
3SGB_E_wt	3SGB_I_KI13M_	-0.42137
3SGB_E_wt	3SGB_I_AI15R_TI17K_LI18R_	0.35619
1JTG_A_EA168A_	1JTG_B_WB162A_	0.21102
1JTG_A_YA105A_	1JTG_B_KB74A_YB143A_	0.34244
1PPF_E_wt	1PPF_I_AI15Q_	-0.15289
1VFB_AB_WB52A_	1VFB_C_DC119A_	0.28499
3SGB_E_wt	3SGB_I_RI21L_	-0.28418
3BN9_B_QB175A_	3BN9_CD_wt	-0.09805
1R0R_E_wt	1R0R_I_RI21T_	-0.24377
1EMV_A_VA34A_	1EMV_B_wt	-0.48305
1PPF_E_wt	1PPF_I_LI18H_	0.45931
1PPF_E_wt	1PPF_I_KI13A_	-0.10303
1A22_A_wt	1A22_B_KB403A_	-0.1187
1DQJ_AB_wt	1DQJ_C_KC96A_	0.58617
2JEL_LH_wt	2JEL_P_KP24E_	-0.02359
1MAH_A_DA74N_	1MAH_F_wt	-0.39278
1CHO_EFG_wt	1CHO_I_KI13Y_	-0.27219
1B2S_A_wt	1B2S_D_wt	0.05644
1BRS_A_HA102A_	1BRS_D_wt	-0.06751
2OOB_A_IA955E_IA966E_	2OOB_B_wt	0.58276
1KTZ_A_wt	1KTZ_B_IB125A_	0.35069
1DAN_HL_wt	1DAN_UT_TU139A_	0.01726
1A22_A_wt	1A22_B_TB251A_	-0.1357
1A22_A_SA51A_	1A22_B_wt	-0.06
1R0R_E_wt	1R0R_I_AI15V_TI17S_	-0.26835
1A22_A_wt	1A22_B_KB367A_	-0.12238
1PPF_E_wt	1PPF_I_LI18M_	-0.05525
1CHO_EFG_wt	1CHO_I_TI17Y_	0.06216
1A22_A_wt	1A22_B_EB282A_	-0.06456
3NPS_A_RA222A_	3NPS_BC_wt	-0.25369
1DAN_HL_wt	1DAN_UT_LU176A_	0.02689
3NPS_A_DA60aA_	3NPS_BC_wt	-0.21139
3BK3_A_wt	3BK3_C_IC21R_	0.30575
3SGB_E_wt	3SGB_I_YI20A_	-0.11535
1IAR_A_QA78A_	1IAR_B_wt	-0.18362
2G2U_A_wt	2G2U_B_EB73M_FB142W_YB143F_	0.24121
1JRH_LH_wt	1JRH_I_AI59S_II61T_HI65D_	0.07532
1R0R_E_wt	1R0R_I_KI13Y_	-0.34612
1DAN_HL_wt	1DAN_UT_KT41A_	0.05099
3HFM_HL_wt	3HFM_Y_YY20F_	-0.29191
1PPF_E_wt	1PPF_I_YI20H_	0.06024
1IAR_A_EA9Q_	1IAR_B_wt	0.11441
1R0R_E_wt	1R0R_I_EI10D_RI21M_LI23F_NI28S_GI32S_EI43D_	-0.14994
1MAH_A_wt	1MAH_F_wt	-0.58034
1DAN_HL_wt	1DAN_UT_WT45A_	-0.05077
1DVF_AB_WA92A_	1DVF_CD_wt	0.0861
1DVF_AB_YA32A_	1DVF_CD_wt	0.25471
1R0R_E_wt	1R0R_I_GI32Q_	-0.07764
3HFM_HL_wt	3HFM_Y_RY21N_	0.00701
1CHO_EFG_wt	1CHO_I_LI18S_	0.11271
1DAN_HL_wt	1DAN_UT_VT64A_	0.03892
1PPF_E_wt	1PPF_I_GI32Y_	-0.05907
1X1W_A_wt	1X1W_D_wt	-0.16721
3HFM_HL_YH50A_	3HFM_Y_RY21A_	0.4967
1KTZ_A_RA94A_	1KTZ_B_wt	0.45271
1CHO_EFG_wt	1CHO_I_LI18K_	0.05234
1CBW_FGH_wt	1CBW_I_KI15V_	0.27921
1A4Y_A_DA435A_	1A4Y_B_KB40G_	-0.55085
2G2U_A_wt	2G2U_B_EB73M_YB143F_	0.1929
1H9D_A_wt	1H9D_B_QB67A_	0.34494
1DVF_AB_wt	1DVF_CD_YD98A_	0.52503
2FTL_E_wt	2FTL_I_KI15H_	0.22107
1TM7_E_wt	1TM7_I_YI59M_	-0.43179
1Y4A_E_wt	1Y4A_I_wt	-0.07774
1PPF_E_wt	1PPF_I_AI15D_LI18A_YI20D_	0.68236
1FC2_C_wt	1FC2_D_wt	0.10402
2G2U_A_wt	2G2U_B_EB31A_	0.39182
1AK4_A_wt	1AK4_D_ID491A_	0.49047
1CHO_EFG_wt	1CHO_I_NI36A_	-0.51224
2QJ9_AB_wt	2QJ9_C_wt	-0.03678
1JRH_LH_wt	1JRH_I_VI51A_	0.18372
2HLE_A_LA95R_	2HLE_B_wt	0.35761
2VLJ_ABC_wt	2VLJ_DE_YE101A_	0.4403
1DAN_HL_wt	1DAN_UT_YU157A_	0.03892
1DQJ_AB_wt	1DQJ_C_WC62A_	0.04755
1CHO_EFG_wt	1CHO_I_YI20L_	-0.31065
2JEL_LH_wt	2JEL_P_DP69E_	0.07151
1GL1_A_wt	1GL1_I_wt	-0.18362
1CHO_EFG_wt	1CHO_I_AI15R_TI17P_LI18R_	0.49563
1TM3_E_wt	1TM3_I_wt	-0.32272
1A22_A_VA180A_	1A22_B_wt	-0.09074
1IAR_A_TA13D_	1IAR_B_wt	-0.21787
1GC1_G_wt	1GC1_C_SC60A_	-0.02165
1CHO_EFG_wt	1CHO_I_TI17P_LI18K_EI19D_LI23V_SI51N_HI52R_	0.311
1PPF_E_wt	1PPF_I_YI20V_	0.23443
3SGB_E_wt	3SGB_I_EI19P_	-0.08273
1CHO_EFG_wt	1CHO_I_EI10D_RI21M_EI43D_	-0.12772
1DVF_AB_EB98A_	1DVF_CD_wt	0.46987
1CHO_EFG_wt	1CHO_I_EI19V_	-0.13796
1IAR_A_KA12E_	1IAR_B_wt	-0.18216
1AHW_AB_wt	1AHW_C_NC199A_	0.0914
2G2U_A_wt	2G2U_B_SB113A_	0.26583
1DVF_AB_DB100A_	1DVF_CD_wt	0.33046
1CHO_EFG_wt	1CHO_I_EI19C_	-0.10953
1DAN_HL_wt	1DAN_UT_DT44A_KT20A_FU140A_	0.09135
1CHO_EFG_wt	1CHO_I_RI21M_KI29Q_GI32S_EI43D_	-0.08273
3BTE_E_wt	3BTE_I_wt	0.28448
1JRH_LH_TL94A_	1JRH_I_wt	0.09677
1R0R_E_wt	1R0R_I_EI10D_LI18V_RI21M_EI43D_	-0.04323
2BTF_A_wt	2BTF_P_FP59A_	0.52806
3SGB_E_wt	3SGB_I_RI21I_	-0.28264
1R0R_E_wt	1R0R_I_TI17L_	-0.21188
1DAN_HL_wt	1DAN_UT_NU107A_QU110A_	0.06026
1PPF_E_wt	1PPF_I_TI17I_	-0.03051
1JTG_A_YA105A_	1JTG_B_KB74A_FB142A_	0.48049
1CHO_EFG_wt	1CHO_I_GI32N_	-0.28418
4CPA_A_wt	4CPA_I_VI38I_	-0.04467
1EAW_A_RA60cA_	1EAW_B_wt	-0.20728
1AHW_AB_wt	1AHW_C_TC197A_	0.1181
1R0R_E_wt	1R0R_I_KI13G_	-0.36019
1F47_A_YA5A_	1F47_B_wt	0.58796
1GCQ_AB_wt	1GCQ_C_wt	0.4864
1BRS_A_EA73F_	1BRS_D_DD39A_	-0.023
1R0R_E_wt	1R0R_I_NI36A_	-0.28094
1PPF_E_wt	1PPF_I_NI36G_	-0.23371
3SGB_E_wt	3SGB_I_RI21K_	-0.33394
3SGB_E_wt	3SGB_I_EI10G_KI13Q_TI17S_RI21V_LI23F_GI32S_NI36D_VI42A_EI43D_	0.00652
2PCC_A_wt	2PCC_B_KB87A_	0.4179
1R0R_E_wt	1R0R_I_TI17M_	-0.1467
1N8O_ABC_wt	1N8O_E_ME84K_	-0.26919
1JTG_A_KA234A_	1JTG_B_wt	0.13632
1JTG_A_MA129A_	1JTG_B_YB50A_	0.03953
1KIR_AB_SA50Y_	1KIR_C_wt	-0.0112
3HFM_HL_DH32N_	3HFM_Y_KY97M_	-0.26554
1CHO_EFG_wt	1CHO_I_PI14S_AI15R_TI17P_LI18R_	0.45304
3SGB_E_wt	3SGB_I_EI19I_	-0.36795
1JTG_A_NA100A_	1JTG_B_RB160A_	0.16108
2G2U_A_wt	2G2U_B_GB48A_	0.28436
2WPT_A_NA34V_	2WPT_B_wt	-0.01796
3NPS_A_RA87A_	3NPS_BC_wt	-0.26045
1JTG_A_EA110A_	1JTG_B_SB113A_	0.45919
1R0R_E_wt	1R0R_I_PI14S_	-0.26428
1PPF_E_wt	1PPF_I_YI20S_	0.18109
2J0T_A_wt	2J0T_D_MD66A_	0.07493
1DAN_HL_wt	1DAN_UT_VU198A_	0.04987
1REW_AB_DA53P_DB53P_	1REW_C_wt	0.14025
3SGB_E_wt	3SGB_I_RI21N_	-0.27403
3SGB_E_wt	3SGB_I_LI18R_	0.02471
1PPF_E_wt	1PPF_I_KI13H_	-0.07764
1CHO_EFG_wt	1CHO_I_TI17D_	0.29319
1S1Q_A_FA88A_	1S1Q_B_wt	0.78436
1CHO_EFG_wt	1CHO_I_KI13N_	-0.41353
1BRS_A_wt	1BRS_D_WD44F_	-0.76319
1JTG_A_KA234A_	1JTG_B_YB143A_	0.25882
1PPF_E_wt	1PPF_I_GI32W_	-0.0157
1SMF_E_wt	1SMF_I_II13A_	0.59595
1JRH_LH_DH56A_	1JRH_I_wt	0.24339
1CHO_EFG_wt	1CHO_I_YI20F_	-0.36019
1A22_A_SA7A_	1A22_B_wt	-0.05681
3TGK_E_wt	3TGK_I_wt	0.46651
1CSE_E_wt	1CSE_I_LI45E_	-0.23371
1BRS_A_RA87A_	1BRS_D_ED80A_	-0.15772
3SGB_E_wt	3SGB_I_RI21F_	-0.28418
1FFW_A_wt	1FFW_B_wt	0.27611
1A22_A_wt	1A22_B_TB394A_	-0.10133
1Z7X_W_WW263A_	1Z7X_X_wt	-0.46197
1R0R_E_wt	1R0R_I_PI14Y_	-0.19331
1PPF_E_wt	1PPF_I_DI7N_EI10G_LI18M_RI21M_EI43D_KI55E_	-0.17369
1AK4_A_wt	1AK4_D_HD487R_	0.63066
3SGB_E_wt	3SGB_I_YI20E_	-0.1063
1PPF_E_wt	1PPF_I_LI18K_	0.38272
1DAN_HL_wt	1DAN_UT_WT45F_	0.14566
1CHO_EFG_wt	1CHO_I_TI17F_	0.03856
1A4Y_A_wt	1A4Y_B_NB68A_	-0.93411
2PCC_A_EA290A_	2PCC_B_wt	0.94659
1XXM_A_wt	1XXM_C_wt	0.24446
1JTG_A_YA105A_	1JTG_B_FB142A_YB143A_	0.30173
1R0R_E_wt	1R0R_I_KI13E_	-0.28855
1E96_A_IA33N_	1E96_B_wt	0.41245
2FTL_E_wt	2FTL_I_KI15E_	0.28448
1VFB_AB_WA92A_	1VFB_C_QC121A_	0.41188
1JTG_A_wt	1JTG_B_wt	-0.0072
2WPT_A_VA37A_	2WPT_B_FB86A_	0.51805
1PPF_E_wt	1PPF_I_TI17W_	0.03856
1FC2_C_KC154A_	1FC2_D_wt	0.2546
1EMV_A_DA26A_	1EMV_B_wt	-0.70673
1BRS_A_RA83Q_	1BRS_D_DD39A_	-0.12659
1DQJ_AB_wt	1DQJ_C_TC89A_	0.05581
1DAN_HL_wt	1DAN_UT_KU201A_DU204A_	0.02318
1CHO_EFG_wt	1CHO_I_KI13T_	-0.34055
1BRS_A_wt	1BRS_D_WD38F_	-0.605
1PPF_E_wt	1PPF_I_GI32N_	-0.01865
1F47_A_DA7S_	1F47_B_wt	0.4275
1CHO_EFG_wt	1CHO_I_LI18A_	0.09916
1JTG_A_RA243A_SA130A_	1JTG_B_wt	0.20951
1Y3B_E_wt	1Y3B_I_SI60E_	-0.43179
1CHO_EFG_wt	1CHO_I_EI10D_AI15V_TI17S_EI19D_RI21M_KI29T_GI32N_NI36I_EI43D_LI48I_	0.37104
3SGB_E_wt	3SGB_I_YI20W_	-0.26835
3HFM_HL_YL50F_	3HFM_Y_wt	-0.06073
1NMB_N_wt	1NMB_LH_YH99A_	0.35069
2WPT_A_wt	2WPT_B_wt	0.10793
1EFN_A_wt	1EFN_B_wt	0.2625
3SGB_E_wt	3SGB_I_AI15M_	-0.29786
3HFM_HL_wt	3HFM_Y_TY89A_	-0.24566
1JTG_A_wt	1JTG_B_WB112A_	0.30408
1CHO_EFG_wt	1CHO_I_RI21H_	-0.10303
1PPF_E_wt	1PPF_I_EI19R_	-0.03284
1PPF_E_wt	1PPF_I_AI15V_TI17S_	-0.00372
1PPF_E_wt	1PPF_I_PI14F_	-0.36019
1DQJ_AB_SA91A_	1DQJ_C_wt	0.11479
3SGB_E_wt	3SGB_I_PI14R_	-0.27592
1PPF_E_wt	1PPF_I_GI32C_	-0.06144
1LFD_A_NA27K_	1LFD_B_wt	0.39904
2B12_A_wt	2B12_B_YB82F_	0.33956
2J1K_C_RC384A_	2J1K_T_wt	-0.0066
1GC1_G_wt	1GC1_C_QC94A_	-0.02359
1TO1_E_wt	1TO1_I_AI61Y_	-0.43179
1PPF_E_wt	1PPF_I_RI21F_	-0.27403
1BRS_A_KA27A_	1BRS_D_wt	-0.20186
1IAR_A_WA91A_	1IAR_B_wt	-0.1233
3SGB_E_wt	3SGB_I_EI10D_KI13M_LI18M_LI23V_	-0.29899
1JRH_LH_wt	1JRH_I_NI48A_	0.03317
3SGB_E_wt	3SGB_I_NI36L_	-0.23371
1A22_A_wt	1A22_B_EB373A_	-0.1344
1CHO_EFG_wt	1CHO_I_YI20N_	-0.08273
3SGB_E_wt	3SGB_I_EI10D_AI15V_TI17S_YI20D_RI21M_NI28S_GI32S_EI43D_	0.17279
1VFB_AB_RB99A_	1VFB_C_wt	0.07856
1CHO_EFG_wt	1CHO_I_PI14M_	-0.45949
1DVF_AB_NB56A_	1DVF_CD_QD100A_	0.20047
1EMV_A_VA34A_	1EMV_B_FB86A_	-0.23362
3SGB_E_wt	3SGB_I_wt	-0.30678
2JEL_LH_wt	2JEL_P_EP85K_	-0.02359
1JTG_A_wt	1JTG_B_KB74A_YB143A_	0.30888
3SGB_E_wt	3SGB_I_EI10D_RI21M_EI43D_	-0.29899
3NPS_A_YA60gA_	3NPS_BC_wt	-0.20022
1DAN_HL_wt	1DAN_UT_PU92A_	-0.523
1R0R_E_wt	1R0R_I_EI10G_KI13Q_PI14S_TI17P_LI18Q_EI19D_RI21V_LI23F_GI32S_VI42A_EI43D_	0.07376
3SGB_E_wt	3SGB_I_EI19G_	-0.09947
1MQ8_A_wt	1MQ8_B_CB161L_CB299F_KB287C_KB294C_	0.20758
1GC1_G_wt	1GC1_C_KC35A_	0.01931
3NPS_A_KA224A_	3NPS_BC_wt	-0.25566
1A22_A_wt	1A22_B_IB305A_	0.00691
3HFM_HL_wt	3HFM_Y_NY19D_	-0.16811
3BTM_E_wt	3BTM_I_wt	0.1135
1R0R_E_wt	1R0R_I_PI14H_	-0.29899
1REW_AB_DA53A_EA109R_DB53A_EB109R_	1REW_C_wt	-0.10808
1BRS_A_EA73A_	1BRS_D_wt	-0.47846
1JTG_A_wt	1JTG_B_WB150A_	0.42807
3HFM_HL_wt	3HFM_Y_KY97D_	0.43381
2QJA_AB_wt	2QJA_C_TC74A_LC78M_GC79K_LC80Y_	-0.03678
1CBW_FGH_wt	1CBW_I_PI13A_	0.05851
2BTF_A_wt	2BTF_P_GP120F_	0.54055
1PPF_E_wt	1PPF_I_AI15W_	-0.24054
3BTQ_E_wt	3BTQ_I_wt	0.27921
1R0R_E_wt	1R0R_I_EI10D_KI13Q_AI15V_TI17M_LI18G_EI19D_RI21M_NI28S_GI32S_EI43D_SI51N_	0.02794
1A4Y_A_wt	1A4Y_B_RB66A_	-0.9049
1TM1_E_wt	1TM1_I_VI70A_	-0.5153
1BRS_A_EA73W_	1BRS_D_wt	-0.60354
1B2U_A_AA27K_	1B2U_D_wt	-0.31968
1PPF_E_wt	1PPF_I_EI10D_AI15V_TI17S_RI21M_NI28S_GI32S_EI43D_	0.02794
1R0R_E_wt	1R0R_I_PI14Q_	-0.41688
1R0R_E_wt	1R0R_I_YI20T_	0.26102
1B2U_A_wt	1B2U_D_wt	0.18362
3SGB_E_wt	3SGB_I_PI14A_	-0.32525
1A22_A_wt	1A22_B_QB278A_	-0.18362
1JCK_A_wt	1JCK_B_FB176A_	0.59744
1JTG_A_SA130A_	1JTG_B_KB74A_YB143A_	0.37568
1PPF_E_wt	1PPF_I_AI15G_	-0.06546
1JRH_LH_wt	1JRH_I_EI55A_	-0.0403
3HFM_HL_wt	3HFM_Y_YY20A_	0.18571
1R0R_E_wt	1R0R_I_EI10G_LI18M_RI21M_EI43D_KI55E_	-0.34612
1SGE_E_wt	1SGE_I_EI18L_	-0.30661
1EMV_A_KA35A_	1EMV_B_wt	-0.72117
1TM1_E_wt	1TM1_I_RI67A_	-0.14347
1VFB_AB_wt	1VFB_C_LC129A_	0.07786
2WPT_A_NA34V_RA38T_RA42E_	2WPT_B_wt	-0.25095
3SGB_E_wt	3SGB_I_LI18S_RI21V_LI23I_	0.13436
1REW_AB_HA39D_HB39D_	1REW_C_wt	-0.09293
2G2U_A_wt	2G2U_B_YB51A_	0.26419
1VFB_AB_wt	1VFB_C_RC125A_	0.24404
1PPF_E_wt	1PPF_I_AI15M_	-0.21697
3SGB_E_wt	3SGB_I_GI32F_	-0.0092
1Y33_E_wt	1Y33_I_PI58T_	-0.43179
2GOX_A_wt	2GOX_B_wt	-0.05809
3HFM_HL_wt	3HFM_Y_RY21W_	-0.01249
1R0R_E_wt	1R0R_I_YI20W_	-0.31351
2J0T_A_wt	2J0T_D_VD4S_	-0.04467
1PPF_E_wt	1PPF_I_wt	-0.17748
1CHO_EFG_wt	1CHO_I_GI32W_	-0.27403
1EAW_A_NA95A_	1EAW_B_wt	-0.23516
1A22_A_EA66A_	1A22_B_wt	-0.04785
3SGB_E_wt	3SGB_I_EI10G_LI18M_RI21M_EI43D_KI55E_	-0.28855
1CHO_EFG_wt	1CHO_I_RI21A_	-0.06393
1BRS_A_KA27A_	1BRS_D_YD29A_	0.0914
1R0R_E_wt	1R0R_I_NI36Q_	-0.30468
1EAW_A_IA60A_	1EAW_B_wt	-0.28527
4CPA_A_wt	4CPA_I_YI37G_	-0.01448
1CHO_EFG_wt	1CHO_I_EI10D_LI18M_RI21M_EI43D_	-0.10953
1JTG_A_EA104A_	1JTG_B_SB113A_SB71A_	0.26124
1R0R_E_wt	1R0R_I_KI13L_	-0.30996
1XD3_A_wt	1XD3_B_KB6A_	0.3649
1JTG_A_wt	1JTG_B_HB41A_	0.32794
1DAN_HL_wt	1DAN_UT_KT68A_	0.01191
2FTL_E_wt	2FTL_I_KI15S_	0.11662
2FTL_E_wt	2FTL_I_KI15L_	0.22919
1R0R_E_wt	1R0R_I_RI21M_KI29Q_GI32S_EI43D_	-0.16828
1DAN_HL_wt	1DAN_UT_SU163A_	0.02119
2WPT_A_wt	2WPT_B_SB77A_	0.08972
2JEL_LH_wt	2JEL_P_EP75R_	0.24854
1R0R_E_wt	1R0R_I_LI18M_GI32D_	-0.04218
3HFM_HL_wt	3HFM_Y_RY21E_	0.0195
1GC1_G_wt	1GC1_C_wt	-0.01282
3SGB_E_wt	3SGB_I_NI36V_	-0.33041
1Y33_E_wt	1Y33_I_wt	-0.05715
1CBW_FGH_wt	1CBW_I_KI15I_	0.35859
1F47_A_DA4A_	1F47_B_wt	0.57023
2WPT_A_SA50A_	2WPT_B_wt	0.31345
1PPF_E_wt	1PPF_I_KI13N_	-0.11248
3BN9_B_RB60cA_	3BN9_CD_wt	-0.35289
1EMV_A_LA33A_	1EMV_B_wt	-0.39929
3SGB_E_wt	3SGB_I_AI15P_	-0.25222
1P6A_A_wt	1P6A_B_wt	0.24653
3SGB_E_wt	3SGB_I_EI10D_TI17S_EI19D_RI21M_NI28S_GI32S_EI43D_GI54E_	0.15312
1CHO_EFG_wt	1CHO_I_AI15C_	-0.41016
3HFM_HL_NL31A_	3HFM_Y_KY96A_	0.44952
2JEL_LH_wt	2JEL_P_TP62N_	-0.02359
1JTG_A_wt	1JTG_B_TB140K_	-0.07676
1REW_AB_SA69R_SB69R_	1REW_C_wt	0.07151
3NPS_A_YA146A_	3NPS_BC_wt	-0.06821
3HFM_HL_DH32A_	3HFM_Y_KY97A_	0.16254
3SGB_E_wt	3SGB_I_YI20D_	-0.02472
1B3S_A_wt	1B3S_D_FD30Y_	-0.15584
3SGB_E_wt	3SGB_I_RI21C_	-0.25222
1BRS_A_RA59A_	1BRS_D_YD29A_	0.04132
1DQJ_AB_YA50A_	1DQJ_C_wt	0.23916
3SGB_E_wt	3SGB_I_YI20I_	0.04685
3SGB_E_wt	3SGB_I_PI14V_	-0.33716
1PPF_E_wt	1PPF_I_KI13D_	-0.11535
1TM1_E_wt	1TM1_I_wt	-0.45716
1A4Y_A_DA435A_	1A4Y_B_wt	-0.61289
1R0R_E_wt	1R0R_I_GI32T_	-0.11248
1A22_A_EA65A_	1A22_B_wt	-0.14192
1PPF_E_wt	1PPF_I_LI18D_	0.57172
2VLQ_A_wt	2VLQ_B_wt	-0.31194
1BRS_A_RA83Q_	1BRS_D_wt	-0.22823
1CHO_EFG_wt	1CHO_I_YI20R_	-0.09171
1CBW_FGH_wt	1CBW_I_FI33A_	0.0782
1PPF_E_wt	1PPF_I_EI10D_LI18V_RI21M_EI43D_	-0.17369
1LFD_A_YA93K_	1LFD_B_wt	0.36654
3SGB_E_wt	3SGB_I_EI19Q_	-0.28855
1R0R_E_wt	1R0R_I_EI10D_AI15V_TI17S_RI21M_NI28S_GI32N_NI36D_SI51G_	-0.22992
1R0R_E_wt	1R0R_I_EI10D_AI15V_TI17S_YI20D_RI21M_NI28S_GI32S_EI43D_	0.24695
1DAN_HL_wt	1DAN_UT_EU183A_NU184A_	0.00959
3HFM_HL_wt	3HFM_Y_KY97M_	-0.17416
2B42_A_wt	2B42_B_wt	-0.07223
1JTG_A_EA110A_	1JTG_B_YB50A_	0.3995
1CHO_EFG_wt	1CHO_I_EI10D_AI15V_TI17S_RI21M_NI28S_GI32S_VI42A_EI43D_	0.11271
1M9E_A_wt	1M9E_D_AD87H_	0.33046
1PPF_E_wt	1PPF_I_EI10D_AI15V_TI17S_RI21M_NI28S_GI32N_NI36D_SI51G_	-0.07764
1JTG_A_wt	1JTG_B_DB163A_	-0.20907
1FFW_A_wt	1FFW_B_DB202A_	0.20758
1MQ8_A_wt	1MQ8_B_CB299F_TB300C_	0.45209
3BK3_A_wt	3BK3_C_IC18R_	0.13643
1PPF_E_wt	1PPF_I_YI20N_	0.18109
3SGB_E_wt	3SGB_I_PI14I_	-0.30893
1PPF_E_wt	1PPF_I_RI21D_	-0.157
1DAN_HL_wt	1DAN_UT_KU165A_KU166A_	-0.00499
1XD3_A_wt	1XD3_B_DB39A_	0.18576
2JEL_LH_wt	2JEL_P_RP17K_	-0.02359
1DQJ_AB_wt	1DQJ_C_DC101A_	0.10927
1EMV_A_VA68A_	1EMV_B_wt	-0.55514
3SGB_E_wt	3SGB_I_EI10D_AI15V_EI19D_RI21M_KI29T_GI32S_EI43D_LI48I_	-0.18882
1JTG_A_EA168A_	1JTG_B_wt	-0.00343
1GC1_G_wt	1GC1_C_QC89L_	-0.04383
1Z7X_W_YW437A_	1Z7X_X_wt	-0.44024
2VLJ_ABC_wt	2VLJ_DE_DE32A_	0.57402
3SGB_E_wt	3SGB_I_TI17W_	-0.00744
3SGB_E_wt	3SGB_I_KI13Y_	-0.36416
1CHO_EFG_wt	1CHO_I_NI36G_	-0.51519
1DAN_HL_wt	1DAN_UT_ET24A_	0.08454
1LFD_A_EA57K_	1LFD_B_wt	0.33046
1R0R_E_wt	1R0R_I_AI15K_	0.02471
3SGB_E_wt	3SGB_I_LI18E_	0.30105
3SGB_E_wt	3SGB_I_EI19K_	-0.28999
2SIC_E_wt	2SIC_I_MI73H_	-0.30417
1CHO_EFG_wt	1CHO_I_KI13M_	-0.33607
3SGB_E_wt	3SGB_I_TI17L_	-0.06342
1GC1_G_wt	1GC1_C_QC40A_	-0.05378
3SGB_E_wt	3SGB_I_EI10G_LI18M_RI21M_EI43D_	-0.21697
1PPF_E_wt	1PPF_I_TI17V_	-0.02862
1R0R_E_wt	1R0R_I_EI10D_AI15V_TI17S_RI21M_NI28S_GI32S_EI43D_	-0.2573
1CHO_EFG_wt	1CHO_I_LI18H_	-0.08273
1S1Q_A_WA75A_	1S1Q_B_wt	0.73587
3BTW_E_wt	3BTW_I_WI515K_	-0.64602
1PPF_E_wt	1PPF_I_YI20G_	0.23443
1A22_A_SA55A_	1A22_B_wt	-0.07974
3BTT_E_wt	3BTT_I_wt	0.40034
3HFM_HL_WH98F_	3HFM_Y_YY20A_	0.32585
1PPF_E_wt	1PPF_I_EI10G_KI13Q_PI14S_TI17P_LI18Q_EI19D_RI21V_LI23F_GI32S_VI42A_EI43D_	0.41635
1JTG_A_SA130A_	1JTG_B_KB74A_FB142A_YB143A_	0.50918
3SGB_E_wt	3SGB_I_AI15R_TI17K_LI18R_RI21L_	0.37607
1CHO_EFG_wt	1CHO_I_RI21C_	-0.03051
1PPF_E_wt	1PPF_I_AI15E_	-0.16708
1H9D_A_wt	1H9D_B_NB104A_	0.43085
1PPF_E_wt	1PPF_I_KI13G_	-0.05458
1R0R_E_wt	1R0R_I_EI19V_	-0.26835
2WPT_A_DA32E_DA33L_NA34V_RA38T_EA39H_RA42E_LA43M_	2WPT_B_wt	-0.56348
3SGB_E_wt	3SGB_I_TI17Q_	-0.01727
3SGB_E_wt	3SGB_I_LI18M_HI52R_	-0.2573
3BN9_B_QB145A_	3BN9_CD_wt	-0.33513
1CHO_EFG_wt	1CHO_I_AI15F_	-0.45038
1DAN_HL_wt	1DAN_UT_YT78A_	-0.43859
2I9B_A_wt	2I9B_E_RE145A_	-0.05216
1DVF_AB_NB56A_	1DVF_CD_HD33A_	0.30416
3SGB_E_wt	3SGB_I_EI19A_	-0.20631
1VFB_AB_YA32A_	1VFB_C_QC121A_	0.219
2FTL_E_wt	2FTL_I_KI15F_	0.04782
3SGB_E_wt	3SGB_I_AI15H_	-0.35121
1MAH_A_YA72N_	1MAH_F_wt	-0.05968
3SGB_E_wt	3SGB_I_EI10D_LI18M_RI21M_EI43D_	-0.25973
2I9B_A_wt	2I9B_E_RE142A_	-0.05786
1JTG_A_KA234A_	1JTG_B_KB74A_FB142A_YB143A_	0.54965
1DVF_AB_YA49A_	1DVF_CD_HD33A_	0.31404
3SGB_E_wt	3SGB_I_RI21W_	-0.27592
1A22_A_QA29A_	1A22_B_wt	-0.15349
1A22_A_QA46A_	1A22_B_wt	-0.08396
2G2W_A_KA104D_	2G2W_B_wt	0.33286
2G2U_A_wt	2G2U_B_GB141A_	0.28563
1EMV_A_DA51A_	1EMV_B_wt	-0.15005
1CHO_EFG_wt	1CHO_I_PI14S_	-0.42137
1EMV_A_wt	1EMV_B_QB92A_	-0.7267
1CHO_EFG_wt	1CHO_I_AI15V_TI17S_	-0.02276
1JTG_A_KA234A_SA235A_SA130A_RA243A_	1JTG_B_DB49A_	0.19728
1CHO_EFG_wt	1CHO_I_AI15V_TI17S_RI21M_NI28S_KI29Q_GI32S_KI34E_EI43D_	0.275
1PPF_E_wt	1PPF_I_EI10D_AI15V_TI17S_EI19D_RI21M_KI29T_GI32N_NI36I_EI43D_LI48I_	0.275
2JEL_LH_wt	2JEL_P_TP7S_	-0.02359
2WPT_A_wt	2WPT_B_FB86A_	0.24083
1JTG_A_KA234A_SA130A_	1JTG_B_wt	0.22248
1R0R_E_wt	1R0R_I_GI32F_	-0.26636
1A22_A_QA181A_	1A22_B_wt	-0.06377
1R0R_E_wt	1R0R_I_EI10D_AI15V_EI19D_RI21M_KI29T_GI32S_EI43D_LI48I_	-0.29538
1R0R_E_wt	1R0R_I_EI19T_	0.14076
1R0R_E_wt	1R0R_I_LI18Q_	-0.2193
1BRS_A_EA73W_	1BRS_D_DD39A_	-0.10403
1GC1_G_wt	1GC1_C_LC51A_	0.11026
1REW_AB_wt	1REW_C_KC88R_SC90T_KC92I_AC93P_QC94H_LC95Q_TC98D_	-0.03678
1CHO_EFG_wt	1CHO_I_NI28S_GI32A_	-0.46272
1PPF_E_wt	1PPF_I_PI14M_	-0.33241
1JTG_A_VA216A_	1JTG_B_wt	-0.03678
4CPA_A_wt	4CPA_I_PI36G_	0.19439
1REW_AB_FA49A_PA50A_FB49A_PB50A_	1REW_C_wt	0.17518
1A22_A_DA26A_	1A22_B_wt	-0.11582
1DAN_HL_wt	1DAN_UT_DT44A_DT58A_	-0.10342
2WPT_A_wt	2WPT_B_SB84A_	0.12861
3SGB_E_wt	3SGB_I_TI17S_	-0.06035
1P69_A_SA417P_	1P69_B_wt	0.24653
1GC1_G_wt	1GC1_C_NC32A_	0.0054
1EMV_A_wt	1EMV_B_SB84A_	-0.70992
1PPF_E_wt	1PPF_I_EI10G_LI18M_RI21M_EI43D_KI55E_	-0.17855
1R0R_E_wt	1R0R_I_KI13T_	-0.19012
1BRS_A_EA73Y_	1BRS_D_wt	-0.52809
1R0R_E_wt	1R0R_I_TI17A_	-0.18123
1CHO_EFG_wt	1CHO_I_TI17Q_	-0.0157
1XD3_A_wt	1XD3_B_wt	0.22768
1PPF_E_wt	1PPF_I_GI32P_	-0.15151
1GC1_G_wt	1GC1_C_EC77A_	0.04326
1JRH_LH_DH54A_	1JRH_I_wt	0.24653
1JTG_A_KA234A_	1JTG_B_DB49A_	0.17174
1R0R_E_wt	1R0R_I_GI32V_	-0.08506
1CSE_E_wt	1CSE_I_LI45G_	-0.24377
1CHO_EFG_wt	1CHO_I_EI10G_KI13Q_TI17S_RI21V_LI23F_GI32S_NI36D_VI42A_EI43D_	-0.21697
1R0R_E_wt	1R0R_I_NI36H_	-0.24959
1PPF_E_wt	1PPF_I_LI18T_	-0.08739
1PPF_E_wt	1PPF_I_LI18I_GI32D_	0.07081
1A22_A_RA178A_	1A22_B_wt	0.1472
3NPS_A_QA145A_	3NPS_BC_wt	-0.21581
1GC1_G_wt	1GC1_C_TC45A_	-0.02767
1JTG_A_SA130A_	1JTG_B_KB74A_	0.32085
1M9E_A_wt	1M9E_D_wt	0.56725
1JTG_A_SA235A_KA234A_	1JTG_B_DB49A_	0.17811
1R0R_E_wt	1R0R_I_KI13H_	-0.33607
1CHO_EFG_wt	1CHO_I_EI19Y_	-0.11535
1JTG_A_GA238S_	1JTG_B_wt	-0.38171
1LFD_A_SA22K_	1LFD_B_wt	0.34708
3SGB_E_wt	3SGB_I_LI18M_LI23V_KI29I_EI43K_	-0.22595
1DVF_AB_WB52A_	1DVF_CD_wt	0.46452
3SGB_E_wt	3SGB_I_AI15D_GI32A_NI33S_	-0.09171
1DAN_HL_wt	1DAN_UT_KT46A_KT48A_	0.13221
1KTZ_A_RA25A_	1KTZ_B_wt	0.3128
2J0T_A_wt	2J0T_D_VD4I_	0.02119
1A22_A_wt	1A22_B_VB329A_	-0.14726
1Z7X_W_SW289A_	1Z7X_X_wt	-0.60141
1CHO_EFG_wt	1CHO_I_LI18P_	0.48813
3SGB_E_wt	3SGB_I_EI19T_	-0.09568
1R0R_E_wt	1R0R_I_YI20A_	0.26102
3SGB_E_wt	3SGB_I_EI10D_AI15V_TI17S_RI21M_NI28S_GI32S_EI43D_	0.00874
1R0R_E_wt	1R0R_I_EI19Y_	-0.09171
1IAR_A_TA6D_	1IAR_B_wt	-0.05715
1MAH_A_YA72N_YA124Q_	1MAH_F_wt	0.08268
1PPF_E_wt	1PPF_I_GI32A_	-0.15212
1CHO_EFG_wt	1CHO_I_TI17C_	-0.05041
1CHO_EFG_wt	1CHO_I_PI14T_	-0.43209
1AK4_A_wt	1AK4_D_AD492V_	0.50234
1JTG_A_wt	1JTG_B_SB113A_	-0.01298
2JEL_LH_wt	2JEL_P_TP62A_	-0.02359
3TGK_E_NE194D_	3TGK_I_wt	0.44952
1R0R_E_wt	1R0R_I_GI32C_	-0.13796
2B10_A_wt	2B10_B_wt	0.45575
2VLN_A_wt	2VLN_B_wt	-0.46605
1R0R_E_wt	1R0R_I_RI21E_	-0.24377
1JTG_A_RA243A_KA234A_	1JTG_B_DB49A_	0.21497
3BN9_B_NB95A_	3BN9_CD_wt	-0.27123
1AK4_A_wt	1AK4_D_PD493A_	0.53463
1BRS_A_KA27A_	1BRS_D_DD35A_	0.18362
2O3B_A_wt	2O3B_B_WB76A_	-0.02165
1CHO_EFG_wt	1CHO_I_PI14D_	-0.46177
3SGB_E_wt	3SGB_I_KI13H_	-0.34612
1A22_A_wt	1A22_B_VB325A_	-0.02873
2WPT_A_wt	2WPT_B_VB98A_	0.16175
1EMV_A_GA49A_	1EMV_B_wt	-0.5921
1PPF_E_wt	1PPF_I_EI19L_	-0.07207
1CHO_EFG_wt	1CHO_I_EI10D_TI17R_LI18M_RI21M_EI43D_	0.26476
1E96_A_MA45T_	1E96_B_wt	0.24799
1EMV_A_DA60A_	1EMV_B_wt	-0.68933
1XD3_A_wt	1XD3_B_HB68N_	0.22768
1PPF_E_wt	1PPF_I_EI19P_	0.13844
1CT4_E_wt	1CT4_I_wt	-0.00744
2JEL_LH_wt	2JEL_P_QP71E_	0.24854
2J0T_A_wt	2J0T_D_VD4K_	0.03933
3SGB_E_wt	3SGB_I_GI32S_	-0.14841
4CPA_A_wt	4CPA_I_VI38A_	0.1674
1JRH_LH_SL93A_	1JRH_I_wt	-0.0066
2B11_A_wt	2B11_B_WB382F_	0.33956
3SGB_E_wt	3SGB_I_NI36E_	-0.21188
2VLJ_ABC_wt	2VLJ_DE_QE58A_	0.46651
1TM1_E_wt	1TM1_I_RI62A_	-0.30649
3SGB_E_wt	3SGB_I_EI10D_KI13R_AI15D_RI21M_EI43D_	-0.33499
1BRS_A_wt	1BRS_D_ED76A_	-0.3794
1R0R_E_wt	1R0R_I_KI13V_	-0.23727
1DQJ_AB_WB98A_	1DQJ_C_YC20A_	0.48202
1PPF_E_wt	1PPF_I_LI18P_	0.42743
3NPS_A_FA97A_	3NPS_BC_wt	-0.19906
1BRS_A_EA73A_	1BRS_D_DD35A_	-0.12648
1JRH_LH_EL27A_	1JRH_I_wt	0.11247
3SGB_E_wt	3SGB_I_GI32K_	-0.05814
1BRS_A_HA102G_	1BRS_D_wt	0.01736
1CHO_EFG_wt	1CHO_I_YI20W_	-0.33939
1FC2_C_NC147A_	1FC2_D_wt	0.17627
3HFM_HL_YL96F_	3HFM_Y_RY21A_	0.12159
1EMV_A_PA56A_	1EMV_B_wt	-0.61636
1CHO_EFG_wt	1CHO_I_AI15S_	-0.3715
1A22_A_wt	1A22_B_IB328A_	-0.08396
1R0R_E_wt	1R0R_I_VI6I_EI10D_AI15V_TI17S_RI21M_NI28S_GI32S_EI43D_TI49I_	-0.24959
1R0R_E_wt	1R0R_I_EI10D_TI17R_LI18M_RI21M_EI43D_	0.0566
1GL1_A_wt	1GL1_I_LI30V_	0.24121
1R0R_E_wt	1R0R_I_PI14T_	-0.15982
1JTG_A_RA243A_	1JTG_B_YB143A_	0.23021
3SGB_E_wt	3SGB_I_KI13G_	-0.378
1CHO_EFG_wt	1CHO_I_YI20P_	0.46488
1R0R_E_wt	1R0R_I_YI20Q_	0.16544
2NOJ_A_wt	2NOJ_B_wt	0.06306
2NU0_E_wt	2NU0_I_wt	-0.12306
2J0T_A_wt	2J0T_D_TD2S_	0.01638
1DQJ_AB_wt	1DQJ_C_NC93A_	0.03675
1JRH_LH_wt	1JRH_I_WI82A_	0.45812
1CHO_EFG_wt	1CHO_I_RI21S_	-0.06444
1PPF_E_wt	1PPF_I_AI15K_	-0.06652
2B42_A_HA374Q_	2B42_B_wt	0.03403
2FTL_E_wt	2FTL_I_KI15Q_	0.27921
2NU4_E_wt	2NU4_I_wt	0.00652
1BRS_A_KA27A_	1BRS_D_WD38F_	-0.25884
3SGB_E_wt	3SGB_I_NI36Y_	-0.3173
1PPF_E_wt	1PPF_I_LI18Q_	0.15193
1EFN_A_TA97H_	1EFN_B_wt	0.38654
1A22_A_GA187A_	1A22_B_wt	-0.05681
1NCA_N_wt	1NCA_LH_wt	0.14266
1DAN_HL_wt	1DAN_UT_QU114A_EU117A_	0.02228
1CHO_EFG_wt	1CHO_I_NI36Y_	-0.12549
3HFM_HL_YH53A_	3HFM_Y_wt	0.26738
1TM1_E_wt	1TM1_I_MI59G_	-0.20907
3HFM_HL_wt	3HFM_Y_NY19K_	-0.18511
1A22_A_wt	1A22_B_QB416A_	-0.03217
1GC1_G_wt	1GC1_C_EC87A_	0.00891
1E96_A_wt	1E96_B_wt	0.2121
1JTG_A_VA103A_	1JTG_B_RB160A_	0.43764
1KTZ_A_wt	1KTZ_B_HB79A_	0.32638
1A22_A_wt	1A22_B_EB383A_KB385A_KB387A_DB390A_	-0.13067
3SGB_E_wt	3SGB_I_AI15G_	-0.06193
1R0R_E_wt	1R0R_I_AI15D_LI18A_	0.26653
1KIP_AB_AB32Y_	1KIP_C_wt	-0.0112
1BRS_A_EA73F_	1BRS_D_DD35A_	-0.12947
3SGB_E_wt	3SGB_I_RI21P_	0.44956
1KIQ_AB_wt	1KIQ_C_wt	0.23776
1PPF_E_wt	1PPF_I_LI18M_HI52R_	-0.03166
3SGB_E_wt	3SGB_I_KI13R_AI15R_TI17K_LI18R_	0.23938
1A22_A_NA63A_	1A22_B_wt	-0.06338
3SGB_E_wt	3SGB_I_YI20T_	0.17279
1LFD_A_DA94K_	1LFD_B_wt	0.24446
1CHO_EFG_wt	1CHO_I_RI21V_LI23I_	-0.16475
1CHO_EFG_wt	1CHO_I_RI21I_	-0.17044
1GCQ_AB_wt	1GCQ_C_PC595A_	0.56298
1PPF_E_wt	1PPF_I_EI19H_	-0.10953
1A22_A_wt	1A22_B_YB295A_	-0.12277
3BK3_A_wt	3BK3_C_IC18A_	0.14266
1CHO_EFG_wt	1CHO_I_EI19T_	-0.09171
3NPS_A_FA60eA_	3NPS_BC_wt	-0.2234
1MQ8_A_wt	1MQ8_B_CB161L_CB299F_KB160C_TB300C_	0.68069
1KTZ_A_wt	1KTZ_B_IB50A_	0.48604
1CHO_EFG_wt	1CHO_I_TI17A_	0.03903
1PPF_E_wt	1PPF_I_TI17F_	-0.0092
1EMV_A_IA53A_	1EMV_B_wt	-0.65573
1AK4_A_wt	1AK4_D_AD488V_	0.54329
1A22_A_FA25A_YA42A_QA46A_	1A22_B_wt	-0.0066
3BP8_A_FA136A_	3BP8_C_AC63F_	-0.08182
1CHO_EFG_wt	1CHO_I_GI32A_	-0.46968
1H9D_A_wt	1H9D_B_LB103A_	0.3062
2SIC_E_wt	2SIC_I_MI73I_	-0.16588
1CBW_FGH_wt	1CBW_I_RI20A_	0.09906
1PPF_E_wt	1PPF_I_EI10D_RI21M_EI43D_	-0.25222
2O3B_A_wt	2O3B_B_QB74A_	-0.10551
1DAN_HL_wt	1DAN_UT_TT17A_	0.03095
1A22_A_LA6A_	1A22_B_wt	-0.03093
1R0R_E_wt	1R0R_I_RI21G_	-0.07207
1DAN_HL_wt	1DAN_UT_KT28A_	0.03056
3SGB_E_wt	3SGB_I_LI18M_HI52R_KI55E_	-0.31809
1MAH_A_FA338G_	1MAH_F_wt	-0.5013
1R0R_E_wt	1R0R_I_KI13S_	-0.30793
1GC1_G_wt	1GC1_C_SC31A_	-0.00232
1PPF_E_wt	1PPF_I_EI10D_TI17S_EI19D_RI21M_NI28S_GI32S_EI43D_GI54E_	0.14541
2J0T_A_wt	2J0T_D_VD69A_AD103V_	-0.02116
1DVF_AB_wt	1DVF_CD_ID97A_	0.31968
1PPF_E_wt	1PPF_I_NI36W_	-0.00744
1KTZ_A_wt	1KTZ_B_FB110A_	0.38988
1EAW_A_LA153A_	1EAW_B_wt	-0.21581
2VIS_AB_wt	2VIS_C_IC131T_	-0.08852
1JTG_A_QA99A_	1JTG_B_RB160A_	0.37793
1HE8_A_KA223V_EA267K_	1HE8_B_wt	0.33891
2G2U_A_wt	2G2U_B_EB73A_	0.12947
1JRH_LH_wt	1JRH_I_WI56F_	-0.00905
1XD3_A_wt	1XD3_B_KB33R_	0.22768
1DAN_HL_wt	1DAN_UT_FT76A_	-0.38902
3SGB_E_wt	3SGB_I_AI15R_LI18R_	0.19782
1PPF_E_wt	1PPF_I_EI19I_	-0.1063
1PPF_E_wt	1PPF_I_KI13Q_	-0.15289
1DVF_AB_YB32A_	1DVF_CD_wt	0.23486
1EMV_A_SA28A_	1EMV_B_wt	-0.72305
1PPF_E_wt	1PPF_I_LI18W_	0.56489
3HFM_HL_NL31E_	3HFM_Y_wt	0.2738
1IAR_A_FA82A_	1IAR_B_wt	-0.20469
1AHW_AB_wt	1AHW_C_LC176A_	0.08229
1A4Y_A_WA261A_	1A4Y_B_wt	-0.93126
1TM1_E_wt	1TM1_I_MI59A_	-0.32928
3HFM_HL_YH53L_	3HFM_Y_wt	0.02356
1PPF_E_wt	1PPF_I_NI36Q_	-0.13979
1CHO_EFG_wt	1CHO_I_EI10G_KI13Q_PI14S_TI17P_LI18Q_EI19D_RI21V_LI23F_GI32S_VI42A_EI43D_	0.36054
1CHO_EFG_wt	1CHO_I_EI10D_LI18V_RI21M_GI32D_EI43D_	0.5587
1JRH_LH_wt	1JRH_I_KI47A_	0.38675
1CBW_FGH_wt	1CBW_I_KI15T_	0.2743
1BRS_A_EA73S_	1BRS_D_wt	-0.46856
3HFM_HL_YH58A_	3HFM_Y_wt	0.11029
1FFW_A_wt	1FFW_B_IB216A_	0.25764
1CHO_EFG_wt	1CHO_I_GI32K_	-0.22163
1PPF_E_wt	1PPF_I_YI20R_	0.25277
1PPF_E_wt	1PPF_I_AI15Y_	-0.19568
1TM1_E_wt	1TM1_I_EI60S_	-0.15772
1R0R_E_wt	1R0R_I_EI10D_AI15V_TI17P_EI19D_RI21M_NI28S_GI32S_NI45S_SI51R_	0.20847
3BTG_E_wt	3BTG_I_GI515K_	-0.64602
1R0R_E_wt	1R0R_I_RI21V_LI23I_	-0.27929
3BN9_B_wt	3BN9_CD_wt	-0.3484
2G2U_A_wt	2G2U_B_EB73M_SB130K_	0.07151
3SGB_E_wt	3SGB_I_EI10D_AI15V_TI17P_EI19D_RI21M_NI28S_GI32S_NI45S_SI51R_	-0.05678
1A22_A_IA179A_	1A22_B_wt	-0.01431
1VFB_AB_DB100A_	1VFB_C_wt	0.37448
2PCB_A_EA291Q_	2PCB_B_wt	0.45011
1CHO_EFG_wt	1CHO_I_KI13Q_	-0.43438
1AK4_A_wt	1AK4_D_ID491V_	0.46651
1JTG_A_wt	1JTG_B_FB36A_	0.32312
1CHO_EFG_wt	1CHO_I_EI10D_AI15V_TI17S_RI21M_NI28S_GI32S_NI36D_EI43D_	0.0566
2WPT_A_wt	2WPT_B_QB92A_	0.17362
1JRH_LH_wt	1JRH_I_MI25L_II28V_	0.04696
1PPF_E_wt	1PPF_I_KI13S_	-0.13212
3SGB_E_wt	3SGB_I_AI15T_	-0.27403
3HFM_HL_wt	3HFM_Y_LY75A_	-0.17535
1R0R_E_wt	1R0R_I_KI13P_	-0.14505
1R0R_E_wt	1R0R_I_EI10D_KI13R_AI15D_RI21M_EI43D_	0.29023
1VFB_AB_YA50A_	1VFB_C_DC18A_	0.18706
1R0R_E_wt	1R0R_I_KI13R_	-0.26428
3SGB_E_wt	3SGB_I_TI17K_	-0.1063
2AJF_A_wt	2AJF_E_KE344R_	0.07532
3SGB_E_wt	3SGB_I_YI20R_	-0.03497
1PPF_E_wt	1PPF_I_PI14K_	-0.22163
1A4Y_A_SA289A_	1A4Y_B_wt	-0.93708
1JTG_A_NA100A_	1JTG_B_WB112A_	0.28261
1R0R_E_wt	1R0R_I_EI19Q_	-0.15151
1A22_A_wt	1A22_B_TB395A_	-0.13121
1CBW_FGH_wt	1CBW_I_RI39A_	0.086
1EMV_A_TA27A_	1EMV_B_wt	-0.66766
1R0R_E_wt	1R0R_I_LI18P_	0.47881
3SGB_E_wt	3SGB_I_LI18M_	-0.262
1CHO_EFG_wt	1CHO_I_AI15D_LI18A_	0.09708
1CSO_E_wt	1CSO_I_II18L_	-0.30661
1CHO_EFG_wt	1CHO_I_GI32R_	-0.20631
3SGB_E_wt	3SGB_I_TI17Y_	0.02471
1CHO_EFG_wt	1CHO_I_EI10D_KI13R_AI15V_EI19D_RI21M_GI32S_EI43D_LI48I_KI55R_	0.11697
1PPF_E_wt	1PPF_I_LI18M_YI20Q_	0.39716
1A4Y_A_wt	1A4Y_B_RB31A_	-0.93708
1CHO_EFG_wt	1CHO_I_EI19L_	-0.09568
3SGB_E_wt	3SGB_I_PI14L_	-0.32052
2PCC_A_DA34A_	2PCC_B_AB81G_	0.31818
3HFM_HL_wt	3HFM_Y_RY21H_	-0.00886
3SGB_E_wt	3SGB_I_EI19D_	-0.25222
3SGB_E_wt	3SGB_I_PI14H_	-0.27929
1JTG_A_SA130A_	1JTG_B_DB49A_	0.10133
1FFW_A_wt	1FFW_B_EB171A_	0.28646
1F47_A_wt	1F47_B_wt	0.45463
1JTG_A_EA168A_	1JTG_B_WB150A_	0.41372
1CHO_EFG_wt	1CHO_I_DI7N_EI10G_LI18M_RI21M_EI43D_KI55E_	-0.18968
1CHO_EFG_wt	1CHO_I_RI21T_	-0.11535
1PPF_E_wt	1PPF_I_GI32F_	-0.03166
1A22_A_PA48A_	1A22_B_wt	-0.05378
2G2W_A_wt	2G2W_B_wt	0.2877
1BRS_A_HA102A_	1BRS_D_ED76A_	-0.01448
1DAN_HL_wt	1DAN_UT_KT41A_DT44A_	0.17566
1Y1K_E_wt	1Y1K_I_AI58T_	-0.43179
1Z7X_W_KW320A_	1Z7X_X_wt	-0.55085
1DAN_HL_KH192A_	1DAN_UT_wt	-0.02199
1XD3_A_wt	1XD3_B_EB24A_	0.20317
1CHO_EFG_wt	1CHO_I_NI36H_	-0.45038
3SGB_E_wt	3SGB_I_NI36P_	-0.24959
1CHO_EFG_wt	1CHO_I_LI18T_	0.06332
1KTZ_A_wt	1KTZ_B_VB77A_	0.33828
1CHO_EFG_wt	1CHO_I_NI36K_	-0.14841
1A22_A_wt	1A22_B_EB244A_	0.00921
1PPF_E_wt	1PPF_I_RI21L_	-0.26196
1CHO_EFG_wt	1CHO_I_AI15D_GI32A_NI33S_	-0.38096
3SGB_E_wt	3SGB_I_TI17P_LI18K_EI19D_LI23V_SI51N_HI52R_	0.169
1AK4_A_wt	1AK4_D_VD486A_	0.56544
1GC1_G_wt	1GC1_C_QC33A_	-0.00232
1Z7X_W_DW435A_	1Z7X_X_wt	-0.33668
1JTG_A_NA100A_	1JTG_B_WB150A_	0.43764
3SGB_E_wt	3SGB_I_LI18K_	0.00652
3SGB_E_wt	3SGB_I_AI15I_	-0.35121
1FC2_C_FC149W_	1FC2_D_wt	0.07151
1DVF_AB_DB54A_	1DVF_CD_wt	0.47931
1JRH_LH_DH55A_	1JRH_I_wt	0.22458
2JEL_LH_wt	2JEL_P_EP85D_	-0.02359
1CHO_EFG_wt	1CHO_I_RI21Q_	-0.13412
1IAR_A_RA53Q_	1IAR_B_wt	-0.1127
1SMF_E_wt	1SMF_I_EI16A_	0.34507
1XD3_A_wt	1XD3_B_DB58A_	0.20317
1PPF_E_wt	1PPF_I_LI18G_	0.1505
1IAR_A_IA11A_	1IAR_B_wt	-0.18918
3SGB_E_wt	3SGB_I_KI13N_	-0.3715
2JEL_LH_wt	2JEL_P_HP76A_	-0.06456
2SIC_E_wt	2SIC_I_MI73A_	-0.30417
1TM1_E_wt	1TM1_I_RI65A_	-0.10286
2G2U_A_wt	2G2U_B_SB130K_	0.20516
1JRH_LH_wt	1JRH_I_TI14V_	0.06572
1PPF_E_wt	1PPF_I_AI15I_	-0.14505
3HFM_HL_wt	3HFM_Y_KY96M_	0.43467
1JTG_A_SA130A_	1JTG_B_KB74A_FB142A_	0.51866
2VLJ_ABC_wt	2VLJ_DE_IE53V_	0.43715
3SGB_E_wt	3SGB_I_LI18N_	0.02794
1R0R_E_wt	1R0R_I_LI18M_LI23V_KI29I_EI43K_	-0.36019
3SGB_E_wt	3SGB_I_GI32V_	-0.02839
2SIC_E_wt	2SIC_I_MI73E_	-0.2465
3SGB_E_wt	3SGB_I_YI20S_	-0.1063
1JCK_A_wt	1JCK_B_NB60A_	0.54843
3HFM_HL_DH32A_	3HFM_Y_wt	-0.10631
2G2U_A_wt	2G2U_B_EB73A_YB50A_	0.08229
1S0W_A_wt	1S0W_C_AC1142F_	0.00381
1CHO_EFG_wt	1CHO_I_AI15R_TI17K_LI18R_	0.40392
1A22_A_LA73A_	1A22_B_wt	-0.1107
1CHO_EFG_wt	1CHO_I_TI17P_LI18K_EI19D_LI23V_SI51N_	0.32508
1CHO_EFG_wt	1CHO_I_RI21M_	-0.1206
1B2U_A_wt	1B2U_D_AD36D_	-0.23212
1CHO_EFG_wt	1CHO_I_YI20C_	-0.12772
1JTG_A_RA243A_	1JTG_B_wt	0.14434
1PPF_E_wt	1PPF_I_TI17Y_	0.06665
1CHO_EFG_wt	1CHO_I_AI15R_	-0.3319
2SGP_E_wt	2SGP_I_wt	0.52448
1JRH_LH_wt	1JRH_I_SI54A_	0.05385
1BRS_A_wt	1BRS_D_TD42A_	-0.58355
1B3S_A_wt	1B3S_D_wt	-0.08233
2G2U_A_wt	2G2U_B_WB112A_	0.42253
1PPF_E_wt	1PPF_I_EI10D_TI17R_LI18M_RI21M_EI43D_	0.27722
1JTG_A_wt	1JTG_B_HB148A_	0.27789
3SGB_E_wt	3SGB_I_YI20F_	-0.28999
3NPS_A_wt	3NPS_BC_wt	-0.24532
1PPF_E_wt	1PPF_I_AI15H_	-0.12306
1CHO_EFG_wt	1CHO_I_LI18M_LI23V_KI29I_EI43K_	-0.27592
1A4Y_A_YA434A_	1A4Y_B_wt	-0.63518
3SGB_E_wt	3SGB_I_TI17E_	0.14887
1PPF_E_wt	1PPF_I_AI15C_	-0.24377
1PPF_E_wt	1PPF_I_DI7N_EI10D_AI15V_TI17S_EI19L_RI21M_VI42A_EI43D_	-0.03945
1JTG_A_EA104A_	1JTG_B_FB142A_	0.27789
1R0R_E_wt	1R0R_I_AI15D_GI32A_NI33S_	0.29642
1JTG_A_EA168A_	1JTG_B_KB74A_	0.40896
1PPF_E_wt	1PPF_I_GI32Q_	0.09803
3SGB_E_wt	3SGB_I_PI14Q_	-0.3377
1VFB_AB_wt	1VFB_C_DC119A_	0.15584
1CSE_E_wt	1CSE_I_LI45S_	-0.35121
1JTG_A_EA104A_YA105A_	1JTG_B_FB142A_	0.15392
1CHO_EFG_wt	1CHO_I_RI21F_	-0.08739
1R0R_E_wt	1R0R_I_YI20K_	0.26476
1CHO_EFG_wt	1CHO_I_KI13A_	-0.36019
1DAN_HL_wt	1DAN_UT_EU208A_	0.01844
1R0R_E_wt	1R0R_I_LI18D_	0.169
1EMV_A_PA47A_	1EMV_B_wt	-0.69669
2OOB_A_GA941S_	2OOB_B_wt	0.57788
1R0R_E_wt	1R0R_I_LI18M_YI20Q_	0.08052
1EMV_A_SA29A_	1EMV_B_wt	-0.64493
2G2U_A_wt	2G2U_B_SB71A_	0.27581
3SGB_E_wt	3SGB_I_NI36T_	-0.30564
1SBN_E_wt	1SBN_I_wt	-0.26098
1LFD_A_DA58K_DA94K_	1LFD_B_wt	0.29861
3HFM_HL_WH98A_	3HFM_Y_KY96A_	0.47563
1EMV_A_SA48D_KA57R_EA58D_GA59D_DA60R_DA61E_SA65E_NA69K_TA70E_VA71I_QA73E_	1EMV_B_wt	-0.78505
1A22_A_wt	1A22_B_EB409A_	-0.14888
1Z7X_W_EW206A_	1Z7X_X_wt	-0.58104
1A4Y_A_wt	1A4Y_B_RB5A_	-0.69481
1PPF_E_wt	1PPF_I_NI36C_	-0.11798
1LFD_A_KA32A_	1LFD_B_wt	0.49113
3HFM_HL_wt	3HFM_Y_KY97E_	0.1181
1JRH_LH_wt	1JRH_I_TI19L_EI21K_	0.06572
2WPT_A_NA34V_RA38T_EA39H_RA42E_	2WPT_B_wt	-0.2276
1IAR_A_KA12S_	1IAR_B_wt	-0.19755
1PPF_E_wt	1PPF_I_PI14L_	-0.46514
1JTG_A_EA104A_YA105A_	1JTG_B_KB74A_FB142A_YB143A_	0.24446
1GRN_A_wt	1GRN_B_wt	0.3826
1GC1_G_wt	1GC1_C_TC15A_	0.01931
1PPF_E_wt	1PPF_I_EI19W_	-0.0269
3SGB_E_wt	3SGB_I_LI18M_GI32D_	-0.08273
1KTZ_A_wt	1KTZ_B_NB47A_	0.32531
1A22_A_wt	1A22_B_IB303A_	-0.00087
1HE8_A_KA223V_RA226A_	1HE8_B_wt	0.53474
1AK4_A_wt	1AK4_D_AD492G_	0.52447
1CHO_EFG_wt	1CHO_I_PI14I_	-0.42829
1TM5_E_wt	1TM5_I_AI59M_	-0.43179
1SBN_E_wt	1SBN_I_RI45K_	-0.29191
1R0R_E_wt	1R0R_I_EI10D_AI15V_TI17S_RI21M_NI28S_GI32S_NI36D_EI43D_	-0.26636
1EAW_A_FA97A_	1EAW_B_wt	-0.17692
1MQ8_A_wt	1MQ8_B_CB161L_CB299F_LB289C_KB294C_	0.75565
1BRS_A_wt	1BRS_D_ED80A_	-0.44095
2VLR_ABC_wt	2VLR_DE_AE99S_	0.41711
3HFM_HL_wt	3HFM_Y_RY21G_	0.01627
1DAN_HL_wt	1DAN_UT_KU169A_	0.03056
1R0R_E_wt	1R0R_I_AI15M_	-0.44886
1PPF_E_wt	1PPF_I_TI17R_	0.16218
1SBB_A_wt	1SBB_B_YB91V_	0.61959
1R0R_E_wt	1R0R_I_LI18Y_	-0.23371
1CHO_EFG_wt	1CHO_I_NI36C_	-0.38908
2J0T_A_wt	2J0T_D_VD4A_	-0.14265
1R0R_E_wt	1R0R_I_EI10D_AI15V_TI17S_RI21M_NI28S_GI32S_VI42A_EI43D_	-0.28264
1JTG_A_RA243A_SA235A_SA130A_	1JTG_B_wt	0.1934
1DAN_HL_wt	1DAN_UT_QU110A_	0.14025
1JTG_A_EA104A_	1JTG_B_KB74A_FB142A_	0.31603
3BTT_E_wt	3BTT_I_TI515K_	-0.64602
1DQJ_AB_YA96A_	1DQJ_C_wt	0.08517
1DAN_HL_wt	1DAN_UT_KT20R_	0.18706
2FTL_E_wt	2FTL_I_KI15Y_	0.03102
3SGB_E_wt	3SGB_I_RI21A_	-0.30132
2FTL_E_wt	2FTL_I_II18A_	-0.15967
1PPF_E_wt	1PPF_I_LI18M_GI32D_	0.21475
1PPF_E_wt	1PPF_I_EI10D_KI13M_LI18M_LI23V_	-0.01727
2J1K_C_wt	2J1K_T_wt	-0.08288
3SGB_E_wt	3SGB_I_TI17M_	-0.1063
1R0R_E_wt	1R0R_I_AI15C_	-0.32525
1JTG_A_PA107A_	1JTG_B_HB41A_	0.26842
1EAW_A_QA221aA_	1EAW_B_wt	-0.2515
1A22_A_KA172A_	1A22_B_wt	0.10625
1CHO_EFG_wt	1CHO_I_EI10D_KI13M_LI18M_LI23V_	-0.32616
1PPF_E_wt	1PPF_I_PI14Y_	-0.27219
1PPF_E_wt	1PPF_I_LI18E_	0.51759
1CHO_EFG_wt	1CHO_I_NI36T_	-0.50574
1TMG_E_wt	1TMG_I_wt	-0.32928
1JRH_LH_RH95A_	1JRH_I_wt	0.11247
1REW_AB_AA34D_AB34D_	1REW_C_wt	-0.11244
4CPA_A_wt	4CPA_I_VI38G_	0.30796
1CHO_EFG_wt	1CHO_I_EI19Q_	-0.24672
1FFW_A_FA111V_	1FFW_B_wt	1.0
1A4Y_A_wt	1A4Y_B_RB32A_	-0.83435
2G2U_A_wt	2G2U_B_EB73M_	-0.00096
1DAN_HL_wt	1DAN_UT_TU197A_VU198A_	0.00406
1CHO_EFG_wt	1CHO_I_TI17P_LI18K_	0.44524
1DAN_HL_wt	1DAN_UT_VT36A_	-0.51684
1A22_A_wt	1A22_B_NB297A_	-0.16811
1CHO_EFG_wt	1CHO_I_EI10G_LI18M_YI20S_LI23I_KI29T_GI32S_HI52Y_FI53P_KI55V_	-0.10303
1SGP_E_wt	1SGP_I_AI18L_	-0.30661
1R0R_E_wt	1R0R_I_EI10D_LI18V_RI21M_GI32D_EI43D_	0.18109
1JTG_A_SA130A_	1JTG_B_YB143A_	0.18255
1GC1_G_wt	1GC1_C_QC40A_DC63A_	-0.06261
3BP8_A_wt	3BP8_C_AC63F_	0.05683
1VFB_AB_YA32A_	1VFB_C_wt	0.22711
1CHO_EFG_wt	1CHO_I_PI14W_	-0.39852
1PPF_E_wt	1PPF_I_EI10D_TI17L_RI21M_GI32D_NI36S_EI43D_TI49S_	0.25277
3SGB_E_wt	3SGB_I_NI36A_	-0.27403
1SGN_E_wt	1SGN_I_wt	0.02794
1IAR_A_FA82D_	1IAR_B_wt	-0.25398
1JTG_A_SA235A_SA130A_KA234A_	1JTG_B_DB49A_	0.08579
3SGB_E_wt	3SGB_I_EI10D_AI15V_TI17S_RI21M_NI28S_GI32S_NI36D_EI43D_TI49N_	0.02175
1JTG_A_SA130A_	1JTG_B_FB142A_	0.28739
1DAN_HL_RH134A_	1DAN_UT_wt	0.07071
2VIS_AB_wt	2VIS_C_wt	0.4016
1JTG_A_EA104A_	1JTG_B_wt	0.16943
2GOX_A_wt	2GOX_B_RB131A_	0.12974
1IAR_A_SA16A_	1IAR_B_wt	-0.21429
1A4Y_A_wt	1A4Y_B_QB12A_	-0.91591
1FFW_A_wt	1FFW_B_EB178A_	0.27872
1JTG_A_SA130A_	1JTG_B_FB142A_YB143A_	0.41857
1DQJ_AB_wt	1DQJ_C_LC75A_	0.11684
3SGB_E_wt	3SGB_I_EI19M_	-0.32525
3SGB_E_wt	3SGB_I_AI15E_	-0.24054
1JTG_A_EA110A_	1JTG_B_wt	0.40896
2FTL_E_wt	2FTL_I_KI15I_	0.45701
1A22_A_wt	1A22_B_EB242A_	-0.07709
1GC1_G_wt	1GC1_C_LC44A_	0.09251
1R0R_E_wt	1R0R_I_LI18T_	-0.26196
3NPS_A_IA60A_	3NPS_BC_wt	-0.27843
1CSE_E_wt	1CSE_I_LI45D_	-0.03405
1JRH_LH_FH98A_	1JRH_I_wt	0.05833
1BRS_A_HA102A_	1BRS_D_ED80A_	-0.09607
1DVF_AB_HA30A_	1DVF_CD_wt	0.21669
1PPF_E_wt	1PPF_I_KI13M_	-0.157
1A22_A_wt	1A22_B_WB280A_	-0.1236
1R0R_E_wt	1R0R_I_LI18M_	-0.32848
1CHO_EFG_wt	1CHO_I_EI10D_LI18M_RI21M_GI32D_EI43D_	0.17676
1JRH_LH_wt	1JRH_I_SI54G_EI55P_II57K_	-0.32928
1SGE_E_wt	1SGE_I_wt	0.28211
1A22_A_wt	1A22_B_SB299A_	-0.19322
1REW_AB_WA31A_WB31A_	1REW_C_wt	-0.00399
4CPA_A_wt	4CPA_I_VI38L_	0.06306
1JTG_A_wt	1JTG_B_WB162A_	0.23728
1A4Y_A_YA434A_YA437A_	1A4Y_B_KB40G_	-0.05058
1CBW_FGH_wt	1CBW_I_KI15M_	-0.07502
3SGB_E_wt	3SGB_I_GI32L_	-0.04504
1PPF_E_wt	1PPF_I_EI10D_YI11H_AI15V_TI17S_RI21M_NI28S_GI32S_NI36D_	-0.14841
2VLJ_ABC_wt	2VLJ_DE_SD32A_	0.52066
1HE8_A_KA223V_DA238A_	1HE8_B_wt	0.45045
3HFM_HL_wt	3HFM_Y_GY102V_	-0.18588
1Y1K_E_wt	1Y1K_I_wt	-0.15966
2J12_A_wt	2J12_B_wt	0.08852
1PPF_E_wt	1PPF_I_RI21N_	-0.14505
2FTL_E_wt	2FTL_I_KI15M_	0.1135
1DQJ_AB_YB53A_	1DQJ_C_wt	0.08968
1KTZ_A_wt	1KTZ_B_FB30A_	0.59413
1A22_A_RA19A_	1A22_B_wt	-0.08563
1Y4A_E_wt	1Y4A_I_SI60E_RI59M_	-0.43179
1BRS_A_HA102Q_RA59A_	1BRS_D_wt	0.26554
1EFN_A_TA97H_EA98H_	1EFN_B_wt	0.36064
1CHO_EFG_wt	1CHO_I_EI19N_	-0.14841
1DQJ_AB_wt	1DQJ_C_wt	-0.02809
1PPF_E_wt	1PPF_I_LI18V_	-0.22595
1PPF_E_wt	1PPF_I_EI19Y_	-0.05458
2GYK_A_AA51D_	2GYK_B_wt	-0.74032
1BRS_A_RA83Q_	1BRS_D_TD42A_	-0.15966
3BK3_A_wt	3BK3_C_IC27A_	0.21997
1GCQ_AB_wt	1GCQ_C_WC637Y_	0.70057
1SGD_E_wt	1SGD_I_DI18L_	-0.30661
1R0R_E_wt	1R0R_I_EI10D_RI21M_EI43D_	-0.23727
3SGB_E_wt	3SGB_I_EI19V_	-0.29406
1R0R_E_wt	1R0R_I_RI21N_	-0.28264
1R0R_E_wt	1R0R_I_EI19I_	-0.20516
1DAN_HL_wt	1DAN_UT_DU145A_	0.01785
1SGY_E_wt	1SGY_I_YI18L_	-0.30661
1A4Y_A_wt	1A4Y_B_KB40G_	-0.6377
1R0R_E_wt	1R0R_I_RI21D_	-0.29538
1CHO_EFG_wt	1CHO_I_KI13W_	-0.27768
1CHO_EFG_wt	1CHO_I_GI32S_	-0.39154
2WPT_A_EA30A_	2WPT_B_wt	0.24446
3HFM_HL_YL50A_	3HFM_Y_KY96A_	0.47563
2I26_N_AN30V_	2I26_L_wt	0.04755
1PPF_E_wt	1PPF_I_EI10D_AI15V_TI17S_RI21M_NI28S_GI32S_NI36D_EI43D_	-0.18038
1BRS_A_HA102A_	1BRS_D_DD39A_	0.12797
1DQJ_AB_NA32A_	1DQJ_C_wt	0.3801
1TM1_E_wt	1TM1_I_MI59F_	-0.32928
2AJF_A_wt	2AJF_E_TE487S_	0.25798
1JTG_A_RA243A_	1JTG_B_KB74A_	0.66412
1A22_A_KA70A_	1A22_B_wt	-0.03878
1PPF_E_wt	1PPF_I_EI19F_	-0.04323
1A22_A_wt	1A22_B_TB277A_	-0.15
3SGB_E_wt	3SGB_I_LI18M_SI51N_	-0.26196
1DAN_HL_wt	1DAN_UT_NU107A_	0.03892
1ACB_E_wt	1ACB_I_wt	-0.45154
1R0R_E_wt	1R0R_I_PI14L_	-0.16114
1DAN_HL_wt	1DAN_UT_KU122A_	0.00683
2G2U_A_wt	2G2U_B_SB39A_	0.23154
2SIC_E_wt	2SIC_I_MI73R_	-0.32591
3HFM_HL_YH33A_	3HFM_Y_wt	0.3065
2WPT_A_VA37A_	2WPT_B_wt	0.45146
1KTZ_A_wt	1KTZ_B_EB75A_	0.40462
2QJB_AB_wt	2QJB_C_HC42G_EC46D_TC61A_MC62I_	-0.08288
1A22_A_wt	1A22_B_EB424A_	-0.13188
2VLJ_ABC_wt	2VLJ_DE_wt	0.41711
1PPF_E_wt	1PPF_I_KI13E_	-0.06599
1R0R_E_wt	1R0R_I_TI17C_	-0.19766
1BRS_A_KA27A_	1BRS_D_ED76A_	-0.10096
2JEL_LH_wt	2JEL_P_EP70A_	0.24854
1JTG_A_RA243A_	1JTG_B_KB74A_FB142A_	0.55202
3HFM_HL_YH53W_	3HFM_Y_wt	0.01351
1EMV_A_SA50A_	1EMV_B_wt	-0.52207
3HFM_HL_YH50A_	3HFM_Y_wt	0.43467
1VFB_AB_YB32A_	1VFB_C_KC116A_	0.219
1A4Y_A_wt	1A4Y_B_HB84A_	-0.92431
1PPF_E_wt	1PPF_I_RI21Y_	-0.15576
3BN9_B_QB38A_	3BN9_CD_wt	-0.38985
3HFM_HL_wt	3HFM_Y_KY97G_	0.4001
1KTZ_A_wt	1KTZ_B_LB27A_	0.47891
3HFM_HL_wt	3HFM_Y_NY93A_	-0.22457
1CHO_EFG_wt	1CHO_I_EI10D_TI17L_RI21M_GI32D_NI36S_EI43D_TI49S_	0.5295
1DVF_AB_DB100A_	1DVF_CD_DD52A_	0.48315
3SGB_E_wt	3SGB_I_EI10D_YI11H_TI17L_LI18Q_YI20Q_RI21K_LI23I_GI32D_NI36S_EI43D_	0.42446
1CHO_EFG_wt	1CHO_I_EI10G_LI18M_RI21M_EI43D_	-0.11248
1KTZ_A_RA25K_	1KTZ_B_wt	0.2799
1BRS_A_RA83Q_	1BRS_D_DD35A_	0.18924
1VFB_AB_WB52A_	1VFB_C_wt	0.13856
1CHO_EFG_wt	1CHO_I_TI17N_	0.04685
1BRS_A_HA102L_	1BRS_D_wt	0.1017
1EMV_A_NA24A_	1EMV_B_wt	-0.72641
2O3B_A_wt	2O3B_B_EB24A_	0.1181
1EMV_A_wt	1EMV_B_FB86A_	-0.31194
1DAN_HL_wt	1DAN_UT_IT22A_	0.08327
1R0R_E_wt	1R0R_I_AI15Q_	-0.09947
1DQJ_AB_wt	1DQJ_C_RC21A_	0.09303
3SGB_E_wt	3SGB_I_EI10D_LI18V_RI21M_EI43D_	-0.00744
2VLO_A_wt	2VLO_B_AB97K_	-0.699
1DQJ_AB_YB53A_	1DQJ_C_LC75A_	0.09333
1JRH_LH_wt	1JRH_I_VI83A_RI88K_	0.04696
1CHO_EFG_wt	1CHO_I_EI19F_	-0.02153
1A22_A_wt	1A22_B_PB241A_	-0.11676
1PPF_E_wt	1PPF_I_RI21E_	-0.13212
3SGB_E_wt	3SGB_I_LI18M_NI36D_SI51N_	-0.19867
3SGB_E_wt	3SGB_I_NI28S_GI32A_	-0.17572
3NPS_A_FA94A_	3NPS_BC_wt	-0.08619
3SGB_E_wt	3SGB_I_KI13S_	-0.56124
1REW_AB_DA30A_WA31A_DB30A_WB31A_	1REW_C_wt	0.09333
3SGB_E_wt	3SGB_I_NI36R_	-0.24959
1AK4_A_wt	1AK4_D_GD489A_	0.67373
1CHO_EFG_wt	1CHO_I_EI10D_AI15V_EI19D_RI21M_GI32S_EI43D_LI48I_KI55R_	0.16544
1UUZ_A_HA62Q_	1UUZ_D_wt	0.06306
1HE8_A_KA223V_DA260A_	1HE8_B_wt	0.44123
1LFD_A_MA30K_	1LFD_B_wt	0.26699
3SGB_E_wt	3SGB_I_NI36W_	-0.25484
2G2U_A_wt	2G2U_B_EB73M_SB130K_FB142W_YB143F_SB146M_	0.05931
1BRS_A_RA59A_	1BRS_D_DD39A_	0.36436
1R0R_E_wt	1R0R_I_DI7N_EI10G_LI18M_RI21M_EI43D_KI55E_	-0.38096
1AHW_AB_wt	1AHW_C_VC198A_	-0.04755
1DAN_HL_wt	1DAN_UT_WU158F_	0.03118
1R0R_E_wt	1R0R_I_PI14I_	-0.1063
1A22_A_FA54A_	1A22_B_wt	-0.00399
1LFD_A_NA92K_	1LFD_B_wt	0.30268
1A22_A_wt	1A22_B_EB327A_	-0.04937
2VLJ_ABC_wt	2VLJ_DE_SE99A_	0.4136
2OOB_A_KA935E_	2OOB_B_wt	0.53662
2HRK_A_wt	2HRK_B_TB57V_	0.20835
1R0R_E_wt	1R0R_I_GI32Y_	-0.22992
1N8O_ABC_wt	1N8O_E_ME84R_	-0.28021
1CHO_EFG_wt	1CHO_I_AI15Y_	-0.46416
1CHO_EFG_wt	1CHO_I_EI10D_RI21M_LI23F_NI28S_GI32S_EI43D_	-0.11535
2VLO_A_wt	2VLO_B_wt	-0.50346
1CHO_EFG_wt	1CHO_I_EI19W_	-0.06705
2J0T_A_wt	2J0T_D_SD68E_	0.07532
2G2U_A_wt	2G2U_B_WB112A_YB143A_	0.28605
3SGB_E_wt	3SGB_I_AI15F_	-0.42279
3HFM_HL_SH31A_	3HFM_Y_wt	-0.27872
1JTG_A_MA129A_	1JTG_B_wt	0.0775
1CBW_FGH_wt	1CBW_I_YI35A_	0.15147
1R0R_E_wt	1R0R_I_NI36V_	-0.21188
1A22_A_LA15A_	1A22_B_wt	-0.0758
3SGB_E_wt	3SGB_I_EI10D_AI15V_TI17S_RI21M_NI28S_GI32S_EI43D_TI49I_	-0.01082
1CHO_EFG_wt	1CHO_I_YI20M_	-0.2573
1A4Y_A_YA434A_YA437A_	1A4Y_B_wt	-0.29773
2HLE_A_KA149Q_	2HLE_B_wt	0.08852
3HFM_HL_wt	3HFM_Y_DY101A_	-0.10959
3SGB_E_wt	3SGB_I_EI10D_AI15V_TI17S_RI21M_NI28S_GI32S_VI42A_EI43D_	-0.04883
2O3B_A_wt	2O3B_B_DB75N_	0.16082
1TM1_E_wt	1TM1_I_TI58A_	-0.21043
3BN9_B_TB98A_	3BN9_CD_wt	-0.23545
1CHO_EFG_wt	1CHO_I_EI10D_YI11H_TI17L_LI18Q_YI20Q_RI21K_LI23I_GI32D_NI36S_EI43D_	0.70975
1PPF_E_wt	1PPF_I_PI14W_	-0.37477
1BRS_A_HA102Q_	1BRS_D_wt	-0.20907
1JTG_A_KA234A_	1JTG_B_KB74A_YB143A_	0.49015
1R0R_E_wt	1R0R_I_PI14A_	-0.34055
1S1Q_A_FA44A_	1S1Q_B_wt	0.72789
2HRK_A_wt	2HRK_B_wt	0.1461
2J12_A_SA299A_	2J12_B_wt	0.18362
1BRS_A_wt	1BRS_D_DD39A_	0.18905
1DAN_HL_wt	1DAN_UT_RU136A_	0.03295
1DVF_AB_DB54A_	1DVF_CD_YC49A_	0.50042
1DAN_HL_wt	1DAN_UT_DT44A_WT45A_	-0.34733
1R0R_E_wt	1R0R_I_TI17K_LI18R_	0.23534
3HFM_HL_YH50L_	3HFM_Y_wt	0.22731
2JEL_LH_wt	2JEL_P_FP2W_	0.23776
3SGB_E_wt	3SGB_I_AI15C_	-0.30252
1DAN_HL_wt	1DAN_UT_YU185A_	-0.01398
3SGB_E_wt	3SGB_I_NI36H_	-0.31888
2JEL_LH_wt	2JEL_P_QP57E_	-0.06456
1PPF_E_wt	1PPF_I_GI32T_	0.09927
1NMB_N_wt	1NMB_LH_LL94V_	0.2269
1JRH_LH_wt	1JRH_I_NI48Q_	0.06949
1KTZ_A_wt	1KTZ_B_DB32N_	0.49641
1CHO_EFG_wt	1CHO_I_TI17M_LI18S_GI32V_	0.50644
1PPF_E_wt	1PPF_I_TI17Q_	0.01626
1Z7X_W_YW434A_DW435A_	1Z7X_X_wt	0.01329
1A22_A_QA22A_	1A22_B_wt	-0.11667
2SIC_E_wt	2SIC_I_MI73D_	-0.25095
1XD3_A_wt	1XD3_B_RB72L_	0.36058
1JRH_LH_WH52A_	1JRH_I_wt	0.32638
1REW_AB_YA103A_YB103A_	1REW_C_wt	0.02647
1R0R_E_wt	1R0R_I_EI10D_TI17L_RI21M_GI32D_NI36S_EI43D_TI49S_	0.09803
2JEL_LH_wt	2JEL_P_EP5D_	0.01736
1PPF_E_wt	1PPF_I_LI18R_	0.5295
3HFM_HL_wt	3HFM_Y_RY21K_	-0.04982
1A22_A_RA8A_	1A22_B_wt	-0.07078
1LFD_A_MA30K_DA51K_DA58K_DA94K_	1LFD_B_wt	0.18362
1JRH_LH_wt	1JRH_I_WI82F_	0.12619
2JEL_LH_wt	2JEL_P_EP68A_	0.01736
1JTG_A_KA234A_	1JTG_B_KB74A_	0.65693
1SBB_A_wt	1SBB_B_VB26Y_	0.46651
1JRH_LH_wt	1JRH_I_wt	0.03831
1JRH_LH_WL96A_	1JRH_I_wt	0.22458
3SGB_E_wt	3SGB_I_YI20L_	-0.15151
2WPT_A_NA34A_	2WPT_B_FB86A_	0.34244
1DAN_HL_wt	1DAN_UT_RU196A_	0.08485
3SGB_E_wt	3SGB_I_EI19Y_	-0.22992
3SGB_E_wt	3SGB_I_YI11H_EI19D_LI23I_NI28S_GI32S_NI36D_VI42M_EI43D_	-0.07764
1CHO_EFG_wt	1CHO_I_TI17P_	0.03856
1R0R_E_wt	1R0R_I_TI17P_	0.20941
1R0R_E_wt	1R0R_I_wt	-0.27776
1PPF_E_wt	1PPF_I_RI21C_	-0.18546
3SGB_E_wt	3SGB_I_AI15R_TI17K_LI18R_EI19S_	0.39697
3HFM_HL_wt	3HFM_Y_HY15A_	-0.29008
1GC1_G_wt	1GC1_C_HC27A_	0.01537
1FFW_A_wt	1FFW_B_CB213A_	0.23535
1FCC_A_wt	1FCC_C_WC43A_	0.61169
3SGB_E_wt	3SGB_I_EI19F_	-0.11535
1R0R_E_wt	1R0R_I_LI18A_	-0.23634
1JTG_A_wt	1JTG_B_TB32K_	-0.05544
1DAN_HL_wt	1DAN_UT_DT61A_	0.06306
1CHO_EFG_wt	1CHO_I_EI19H_	-0.17237
1IAR_A_NA89A_	1IAR_B_wt	-0.0406
1JTG_A_QA99A_	1JTG_B_WB150A_	0.38518
1JTG_A_SA235A_SA130A_KA234A_	1JTG_B_wt	0.20951
1JTG_A_EA104K_	1JTG_B_wt	0.20349
1JTG_A_wt	1JTG_B_DB163K_DB135K_VB134K_	-0.38006
3HFM_HL_YH33A_	3HFM_Y_KY96A_	0.42556
1JTG_A_YA105A_	1JTG_B_FB142A_	0.07307
2O3B_A_wt	2O3B_B_EB24Q_	0.11047
3SGB_E_wt	3SGB_I_EI10D_AI15V_YI20E_RI21M_EI43D_	-0.13796
1KTZ_A_wt	1KTZ_B_SB52A_	0.31848
1E96_A_KA132E_	1E96_B_wt	0.19348
3SGB_E_wt	3SGB_I_AI15G_LI18M_LI23V_KI29I_EI43K_	0.01117
1A22_A_LA9A_	1A22_B_wt	-0.09474
1MAH_A_YA72N_YA124Q_WA286R_	1MAH_F_wt	0.60087
1R0R_E_wt	1R0R_I_NI36C_	-0.22163
2AJF_A_wt	2AJF_E_NE479K_	0.2768
1CHO_EFG_wt	1CHO_I_EI10D_AI15V_EI19D_RI21M_KI29T_GI32S_EI43D_LI48I_	0.18109
3HFM_HL_YH33W_	3HFM_Y_wt	0.11762
1AHW_AB_wt	1AHW_C_TC170A_	0.09414
1IAR_A_WA91D_	1IAR_B_wt	-0.06574
1DAN_HL_wt	1DAN_UT_GU164R_	0.00268
1EFN_A_IA96A_	1EFN_B_wt	0.40723
1PPF_E_wt	1PPF_I_RI21M_KI29Q_GI32S_EI43D_	-0.17044
1Z7X_W_EW401A_	1Z7X_X_wt	-0.55235
1CHO_EFG_wt	1CHO_I_LI18Y_	-0.59695
1PPF_E_wt	1PPF_I_NI36Y_	-0.01246
1CBW_FGH_wt	1CBW_I_GI12A_	0.13179
1A22_A_wt	1A22_B_QB330A_	-0.14569
1JTG_A_wt	1JTG_B_DB49A_	0.14893
1PPF_E_wt	1PPF_I_EI10D_AI15V_EI19D_RI21M_GI32S_EI43D_LI48I_KI55R_	0.06719
1TM1_E_wt	1TM1_I_TI58D_EI60A_	-0.44256
1CHO_EFG_wt	1CHO_I_RI21Y_	-0.08273
1R0R_E_wt	1R0R_I_KI13F_	-0.35587
1GCQ_AB_wt	1GCQ_C_PC657A_	0.61771
1R0R_E_wt	1R0R_I_AI15D_	0.23682
1REW_AB_LA100A_LB100A_	1REW_C_wt	-0.08922
1PPF_E_wt	1PPF_I_GI32I_	0.25277
1A22_A_YA164A_	1A22_B_wt	-0.06
2G2U_A_wt	2G2U_B_RB144A_	0.29275
1JTG_A_SA235A_	1JTG_B_DB49A_	0.18871
1A22_A_wt	1A22_B_CB322A_	-0.09074
1PPF_E_wt	1PPF_I_NI36A_	-0.33939
1FCC_A_wt	1FCC_C_KC31A_	0.5822
1R0R_E_wt	1R0R_I_EI10D_AI15V_YI20D_RI21M_KI29I_GI32H_NI36Y_VI42A_EI43H_LI50F_	0.28211
1BRS_A_WA35F_	1BRS_D_wt	-0.5596
1JRH_LH_wt	1JRH_I_SI71Y_DI72E_HI73Q_VI74I_GI75M_DI76Y_SI78D_NI79V_LI81A_	0.36352
1PPF_E_wt	1PPF_I_YI20F_	-0.13004
3NPS_A_TA150A_	3NPS_BC_wt	-0.22785
1NCA_N_wt	1NCA_LH_DH97K_	0.21392
1PPF_E_wt	1PPF_I_EI19C_	-0.03945
2J0T_A_wt	2J0T_D_CD70S_	0.34708
1REW_AB_DA30A_DB30A_	1REW_C_wt	-0.0458
1DAN_HL_wt	1DAN_UT_KT20A_	0.26516
3HFM_HL_NL32A_	3HFM_Y_wt	0.21392
1JTG_A_wt	1JTG_B_SB71A_	0.03953
1IAR_A_RA81E_	1IAR_B_wt	-0.05027
1PPF_E_wt	1PPF_I_LI18C_	-0.18628
1EMV_A_TA38A_	1EMV_B_wt	-0.65056
3HFM_HL_wt	3HFM_Y_DY101K_	-0.01332
1CHO_EFG_wt	1CHO_I_KI13R_	-0.41518
2VLJ_ABC_wt	2VLJ_DE_NE55D_	0.46651
1EMV_A_QA17E_LA18F_TA20K_TA21K_NA24R_SA48D_KA57R_EA58D_GA59D_DA60R_DA61E_SA65E_NA69K_TA70E_VA71I_QA73E_	1EMV_B_wt	-0.59151
3SGB_E_wt	3SGB_I_EI10G_LI18M_YI20S_LI23I_KI29T_GI32S_HI52Y_FI53P_KI55V_	0.0566
3SGB_E_wt	3SGB_I_TI17G_	0.24289
1R0R_E_wt	1R0R_I_EI19A_	-0.07207
1VFB_AB_WA92A_	1VFB_C_wt	0.37776
1A22_A_EA56A_	1A22_B_wt	-0.05378
3SGB_E_wt	3SGB_I_PI14S_	-0.30014
1VFB_AB_YB101F_	1VFB_C_wt	0.20131
1A22_A_SA62A_	1A22_B_wt	-0.07923
1CHO_EFG_wt	1CHO_I_TI17H_	-0.01865
2JEL_LH_wt	2JEL_P_wt	-0.02359
2J0T_A_wt	2J0T_D_VD69T_	-0.10049
3SGB_E_wt	3SGB_I_AI15K_	-0.06144
1R0R_E_wt	1R0R_I_YI20N_	0.275
3D5S_A_wt	3D5S_C_AC41R_	-0.05809
1PPF_E_wt	1PPF_I_NI36K_	0.08052
1PPF_E_wt	1PPF_I_LI18M_TI30S_GI32D_	0.23351
1PPF_E_wt	1PPF_I_NI36H_	-0.22992
3SGB_E_wt	3SGB_I_PI14C_	-0.33882
1JTG_A_wt	1JTG_B_FB142A_YB143A_	0.28739
1JTG_A_MA129A_	1JTG_B_SB113A_SB71A_	0.17065
1PPF_E_wt	1PPF_I_YI20Q_	0.28473
1DAN_HL_wt	1DAN_UT_ST47A_	-0.24678
1R0R_E_wt	1R0R_I_YI20L_	-0.02428
1GC1_G_wt	1GC1_C_DC63A_	-0.04467
1CHO_EFG_wt	1CHO_I_TI17P_LI18K_GI32D_	0.59912
1GC1_G_wt	1GC1_C_KC2A_	-0.01448
2PCB_A_EA290N_	2PCB_B_wt	0.54262
3HFM_HL_WH98F_	3HFM_Y_wt	0.02814
1PPF_E_wt	1PPF_I_RI21W_	-0.22992
1A22_A_LA45A_	1A22_B_wt	0.02739
1A22_A_wt	1A22_B_KB406A_	-0.12277
1PPF_E_wt	1PPF_I_NI36M_	-0.06978
1JTG_A_wt	1JTG_B_DB163K_	-0.27309
1EAW_A_IA41A_	1EAW_B_wt	-0.34793
3SGB_E_wt	3SGB_I_YI20G_	-0.0269
1R0R_E_wt	1R0R_I_YI20H_	0.04282
1CHO_EFG_wt	1CHO_I_NI36L_	-0.3173
2B0Z_A_wt	2B0Z_B_wt	0.59181
1SIB_E_wt	1SIB_I_wt	-0.21894
1R0R_E_wt	1R0R_I_LI18R_	0.01117
1DVF_AB_SA93A_	1DVF_CD_wt	0.1681
1JTG_A_GA238S_	1JTG_B_DB49A_	0.0439
2WPT_A_DA33L_	2WPT_B_wt	-0.26795
3SGB_E_wt	3SGB_I_LI18D_	0.2512
1A22_A_wt	1A22_B_KB415A_	-0.08336
3BK3_A_wt	3BK3_C_TC3P_	0.14266
1JTG_A_KA234A_SA130A_RA243A_	1JTG_B_DB49A_	0.17374
1A22_A_wt	1A22_B_DB364A_	0.03235
1PPF_E_wt	1PPF_I_EI19K_	0.0312
1R0R_E_wt	1R0R_I_NI28S_GI32A_	-0.15431
1CBW_FGH_wt	1CBW_I_KI15R_	0.00491
1GC1_G_wt	1GC1_C_QC25A_	-0.00962
1R0R_E_wt	1R0R_I_GI32H_	-0.06193
2JEL_LH_wt	2JEL_P_EP85A_	-0.02359
1DAN_HL_wt	1DAN_UT_VT33A_	-0.523
3BN9_B_TB150A_	3BN9_CD_wt	-0.31938
1KTZ_A_wt	1KTZ_B_SB49A_	0.32946
1PPF_E_wt	1PPF_I_PI14T_	-0.20346
3BN9_B_FB60eA_	3BN9_CD_wt	-0.35289
3SGB_E_wt	3SGB_I_YI20P_	0.311
1PPF_E_wt	1PPF_I_VI6I_EI10D_AI15V_TI17S_RI21M_NI28S_GI32S_EI43D_TI49I_	0.01626
1DAN_HL_wt	1DAN_UT_DT44A_TT60A_	-0.07216
3SGB_E_wt	3SGB_I_RI21Q_	-0.30252
1CHO_EFG_wt	1CHO_I_AI15D_LI18A_YI20D_	0.6959
2B11_A_wt	2B11_B_wt	0.41478
3SGB_E_wt	3SGB_I_KI13R_	-0.37477
1TM1_E_wt	1TM1_I_EI60A_	-0.17661
1CHO_EFG_wt	1CHO_I_AI15V_	-0.28565
1CHO_EFG_wt	1CHO_I_AI15G_LI18M_LI23V_KI29I_EI43K_	-0.26835
1DAN_HL_wt	1DAN_UT_YU156L_	0.03459
1JTG_A_wt	1JTG_B_VB165K_DB163K_NB89K_	-0.31404
1TM1_E_wt	1TM1_I_YI61G_	0.01114
1A4Y_A_RA457A_	1A4Y_B_wt	-0.96365
2I9B_A_wt	2I9B_E_wt	-0.09408
1JRH_LH_wt	1JRH_I_SI54G_EI55G_II57R_	-0.27872
2C0L_A_SA589Y_	2C0L_B_wt	0.19439
1REW_AB_FA49A_FB49A_	1REW_C_wt	0.02362
1R0R_E_wt	1R0R_I_EI10D_KI13R_AI15V_EI19D_RI21M_GI32S_EI43D_LI48I_KI55R_	-0.31809
1JRH_LH_wt	1JRH_I_KI52A_	0.35402
1CHO_EFG_wt	1CHO_I_EI10D_TI17S_EI19D_RI21M_NI28S_GI32S_EI43D_GI54E_	0.3758
2FTL_E_wt	2FTL_I_KI15G_	0.5736
1CBW_FGH_wt	1CBW_I_KI15W_	-0.17682
1IAR_A_TA6A_	1IAR_B_wt	-0.20641
1A22_A_wt	1A22_B_EB380A_	-0.12277
3NPS_A_HA143A_	3NPS_BC_wt	-0.05821
3SGB_E_wt	3SGB_I_RI21D_	-0.24377
1PPF_E_wt	1PPF_I_TI17K_	0.15599
1FCC_A_wt	1FCC_C_wt	0.23535
1JTG_A_EA110A_	1JTG_B_SB113A_SB71A_	0.50673
1PPF_E_wt	1PPF_I_GI32R_	0.29968
1DAN_HL_wt	1DAN_UT_ET62A_	0.03892
3BN9_B_LB153A_	3BN9_CD_wt	-0.31486
1JTG_A_KA234A_SA130A_	1JTG_B_DB49A_	0.1565
1VFB_AB_wt	1VFB_C_wt	0.06963
1BRS_A_NA58A_	1BRS_D_wt	-0.37699
3HFM_HL_YH58F_	3HFM_Y_wt	-0.02073
1MAH_A_YA72N_WA286R_	1MAH_F_wt	0.58014
1REW_AB_wt	1REW_C_KC88R_SC90T_KC92I_AC93P_QC94H_LC95Q_TC98D_AC74T_MC78L_KC79G_YC80L_	-0.08288
1JRH_LH_wt	1JRH_I_AI95D_KI98R_EI100K_	0.06351
3SGB_E_wt	3SGB_I_NI36G_	-0.27592
1A4Y_A_YA434F_	1A4Y_B_wt	-0.9049
1PPF_E_wt	1PPF_I_YI11H_EI19D_LI23I_NI28S_GI32S_NI36D_VI42M_EI43D_	-0.14505
1LFD_A_DA51K_DA56K_EA57K_	1LFD_B_wt	0.20349
3SGB_E_wt	3SGB_I_PI14E_	-0.36795
1S0W_A_wt	1S0W_C_wt	0.21356
1JRH_LH_wt	1JRH_I_WI56Y_	0.04595
1A22_A_wt	1A22_B_WB304F_	0.13511
1CBW_FGH_wt	1CBW_I_KI15S_	0.40443
1GC1_G_wt	1GC1_C_NC30A_	0.00418
1CBW_FGH_wt	1CBW_I_GI37A_	0.14518
1DAN_HL_wt	1DAN_UT_TU197A_	0.04987
1EMV_A_VA37A_	1EMV_B_FB86A_	-0.29322
2B42_A_HA374K_	2B42_B_wt	0.18131
1CHO_EFG_wt	1CHO_I_EI10D_RI21M_KI29Q_GI32S_NI36S_EI43D_	-0.24959
1UUZ_A_HA62A_	1UUZ_D_wt	0.08852
1GC1_G_wt	1GC1_C_NC73A_	-0.02359
1PPF_E_wt	1PPF_I_YI20I_	0.20941
3BTF_E_wt	3BTF_I_wt	0.04782
1PPF_E_wt	1PPF_I_RI21Q_	-0.17928
1TM1_E_wt	1TM1_I_RI67A_RI65A_	0.04814
1LFD_A_RA20A_	1LFD_B_wt	0.47215
3SGB_E_wt	3SGB_I_AI15N_	-0.31538
1CHO_EFG_wt	1CHO_I_NI36P_	-0.55847
3SGB_E_wt	3SGB_I_LI18M_SI51N_HI52R_KI55Q_	-0.28418
1JTG_A_wt	1JTG_B_YB50A_	-0.03678
1PPF_E_wt	1PPF_I_EI10D_LI18V_RI21M_GI32D_EI43D_	-0.03945
1PPF_E_wt	1PPF_I_RI21G_	-0.1206
2FTL_E_wt	2FTL_I_GI36A_	-0.43687
1JTG_A_NA100A_	1JTG_B_DB49A_	0.16108
3SGB_E_wt	3SGB_I_LI18Y_	-0.14168
2O3B_A_wt	2O3B_B_wt	-0.42798
1R0R_E_wt	1R0R_I_PI14R_	-0.1692
2PCC_A_wt	2PCC_B_wt	0.32794
1H9D_A_wt	1H9D_B_RB3A_	0.32649
1A4Y_A_EA344A_	1A4Y_B_wt	-0.92349
1PPF_E_wt	1PPF_I_AI15P_	0.01889
1BRS_A_HA102A_	1BRS_D_YD29A_	-0.13978
3SGB_E_wt	3SGB_I_LI18P_	0.52448
2WPT_A_wt	2WPT_B_KB97A_	0.20008
1UUZ_A_CA64A_	1UUZ_D_wt	-0.02359
1IAR_A_KA84D_	1IAR_B_wt	-0.00854
1A4Y_A_DA435A_	1A4Y_B_RB5A_	-0.28494
1LFD_A_KA52A_	1LFD_B_wt	0.47646
1R0R_E_wt	1R0R_I_TI17I_	-0.25222
1A22_A_FA191A_	1A22_B_wt	-0.07166
1PPF_E_wt	1PPF_I_TI17L_	0.04685
1FY8_E_DE194N_	1FY8_I_wt	0.46651
1Y34_E_wt	1Y34_I_wt	-0.12715
1EMV_A_wt	1EMV_B_SB78A_	-0.75288
1PPF_E_wt	1PPF_I_EI19T_	-0.02938
3HFM_HL_NL31D_	3HFM_Y_wt	-0.16166
3BP8_A_wt	3BP8_C_wt	-0.00456
1DAN_HL_wt	1DAN_UT_NU199A_RU200A_	0.05882
1CHO_EFG_wt	1CHO_I_LI18M_TI49N_KI55T_	-0.31351
3SGB_E_wt	3SGB_I_EI19N_	-0.19817
1CHO_EFG_wt	1CHO_I_EI10D_AI15V_TI17P_EI19D_RI21M_NI28S_GI32S_NI45S_SI51R_	0.34365
1R0R_E_wt	1R0R_I_AI15R_	0.26653
3SGB_E_wt	3SGB_I_TI17C_	-0.01865
1DAN_HL_wt	1DAN_UT_TU167A_	0.04007
1Y3D_E_wt	1Y3D_I_AI67R_	-0.43179
1GC1_G_wt	1GC1_C_EC85A_	0.11917
1IAR_A_QA8A_	1IAR_B_wt	-0.1983
1A22_A_PA61A_	1A22_B_wt	0.02589
3SGB_E_wt	3SGB_I_NI36S_	-0.26636
1HE8_A_KA223V_EA919A_	1HE8_B_wt	0.3932
1PPF_E_wt	1PPF_I_PI14C_	-0.37477
1PPF_E_wt	1PPF_I_RI21T_	-0.17928
3SGB_E_wt	3SGB_I_AI15W_	-0.45949
1EMV_A_EA45A_	1EMV_B_wt	-0.7191
1GCQ_AB_wt	1GCQ_C_AC632G_	0.6214
1IAR_A_QA78E_	1IAR_B_wt	-0.17162
1EAW_A_HA143A_	1EAW_B_wt	-0.26733
1DAN_HL_wt	1DAN_UT_WT14F_	0.08792
1R0R_E_wt	1R0R_I_GI32R_	0.06389
1DVF_AB_YA49A_	1DVF_CD_ND54A_	0.25471
1DAN_HL_wt	1DAN_UT_DT44A_KT20A_	-0.08907
1PPF_E_wt	1PPF_I_LI18F_	0.33122
1R0R_E_wt	1R0R_I_EI10D_RI21M_KI29Q_GI32S_NI36S_EI43D_	-0.21188
1BRS_A_KA27A_	1BRS_D_DD39A_	0.05683
1TM5_E_wt	1TM5_I_wt	-0.32928
1CBW_FGH_wt	1CBW_I_TI11A_	0.086
1A22_A_wt	1A22_B_KB234A_KB237A_	-0.1187
1NMB_N_wt	1NMB_LH_YH100aF_	0.27872
3SGB_E_wt	3SGB_I_RI21T_	-0.26196
3SGB_E_wt	3SGB_I_RI21M_	-0.29406
1A4Y_A_IA459A_	1A4Y_B_wt	-0.87354
2WPT_A_DA32E_DA33L_NA34V_RA38T_EA39H_RA42E_LA43M_DA48S_RA57K_DA58E_DA59G_RA60D_EA61D_	2WPT_B_wt	-0.44852
1R0R_E_wt	1R0R_I_YI20F_	-0.21697
1DAN_HL_wt	1DAN_UT_IU152A_	0.03675
1Y3C_E_wt	1Y3C_I_wt	-0.30649
3SGB_E_wt	3SGB_I_YI20N_	0.0042
1A22_A_wt	1A22_B_SB419A_	-0.14888
1R0R_E_wt	1R0R_I_LI18I_	0.04252
1CHO_EFG_wt	1CHO_I_KI13D_	-0.42829
1CSO_E_wt	1CSO_I_wt	0.13436
1IAR_A_RA85E_	1IAR_B_wt	-0.07393
1JTG_A_VA103A_	1JTG_B_WB162A_	0.42566
1EAW_A_DA96A_	1EAW_B_wt	-0.20062
2WPT_A_PA56A_	2WPT_B_wt	0.36352
1JTG_A_EA104A_YA105A_	1JTG_B_wt	0.10625
3SGB_E_wt	3SGB_I_EI10D_AI15V_TI17S_RI21M_NI28S_GI32S_NI36D_EI43D_	0.02471
1CBW_FGH_wt	1CBW_I_KI46A_	0.0782
1R0R_E_wt	1R0R_I_EI10D_LI18F_RI21M_EI43D_	-0.1659
3HFM_HL_YL50L_	3HFM_Y_wt	0.14266
1CT2_E_wt	1CT2_I_wt	0.00874
3BTM_E_wt	3BTM_I_MI515K_	-0.64602
2WPT_A_wt	2WPT_B_NB72A_	0.20527
1MAH_A_YA124Q_	1MAH_F_wt	-0.28055
1DAN_HL_wt	1DAN_UT_DT58E_	0.15659
1CHO_EFG_wt	1CHO_I_AI15P_	-0.07207
1KAC_A_PA417S_	1KAC_B_wt	0.1674
1DVF_AB_wt	1DVF_CD_DD52A_	0.21997
3BTW_E_wt	3BTW_I_wt	0.20944
1R0R_E_wt	1R0R_I_KI13C_	-0.33826
1JTG_A_EA104A_YA105A_	1JTG_B_KB74A_YB143A_	0.18015
1JTG_A_wt	1JTG_B_NB89K_	-0.1207
1CHO_EFG_wt	1CHO_I_EI19P_	-0.12306
1JTG_A_QA99A_	1JTG_B_KB74A_	0.41372
3HFM_HL_YL50A_	3HFM_Y_KY97A_	0.43467
1CHO_EFG_wt	1CHO_I_LI18M_YI20H_KI29Q_GI32D_	0.03856
1JTG_A_VA103A_	1JTG_B_wt	0.19439
1PPF_E_wt	1PPF_I_EI19D_	-0.1206
1EMV_A_SA63A_	1EMV_B_wt	-0.6535
1CHO_EFG_wt	1CHO_I_KI13R_PI14F_AI15R_TI17K_LI18R_	0.41388
1A22_A_wt	1A22_B_QB274A_	-0.14787
1R0R_E_wt	1R0R_I_RI21Q_	-0.25973
1FCC_A_wt	1FCC_C_TC25A_	0.25931
2PCB_A_wt	2PCB_B_wt	0.45575
1A4Y_A_YA434A_	1A4Y_B_RB5A_	-0.26437
1DQJ_AB_NA32A_	1DQJ_C_KC96A_	0.55085
1CHO_EFG_wt	1CHO_I_GI32H_	-0.47479
1Z7X_W_WW318A_	1Z7X_X_wt	-0.58355
3SGB_E_wt	3SGB_I_NI36I_	-0.28713
2WPT_A_RA42E_	2WPT_B_wt	0.03437
1A22_A_RA16A_	1A22_B_wt	-0.06696
1GL1_A_wt	1GL1_I_KI31M_AI32G_	0.24121
2SIC_E_wt	2SIC_I_wt	-0.32591
1VFB_AB_YB101F_	1VFB_C_VC120A_	0.31404
1ACB_E_wt	1ACB_I_LI45S_	0.04252
1TM1_E_wt	1TM1_I_MI59Y_	-0.42615
1EAW_A_DA60bA_	1EAW_B_wt	-0.116
1REW_AB_DA30A_AA34D_DB30A_AB34D_	1REW_C_wt	-0.06494
1VFB_AB_wt	1VFB_C_YC23A_	0.1017
1NMB_N_wt	1NMB_LH_wt	0.13708
1REW_AB_DA53A_DB53A_	1REW_C_wt	-0.10966
1AK4_A_wt	1AK4_D_GD489V_	0.76883
3HFM_HL_YL50A_	3HFM_Y_RY21A_	0.33956
1R0R_E_wt	1R0R_I_TI17R_LI18R_	0.35929
1CHO_EFG_wt	1CHO_I_NI36I_	-0.38096
1CHO_EFG_wt	1CHO_I_AI15R_LI18R_	0.10582
2GOX_A_wt	2GOX_B_NB138A_	0.0867
1CHO_EFG_wt	1CHO_I_KI13P_	-0.17369
1VFB_AB_DB54A_	1VFB_C_wt	0.15596
1EMV_A_wt	1EMV_B_wt	-0.72748
1A22_A_wt	1A22_B_RB413A_	-0.16166
1A4Y_A_wt	1A4Y_B_EB108A_	-0.97805
1F5R_A_wt	1F5R_I_wt	0.56636
1NCA_N_wt	1NCA_LH_NH31Q_	0.14266
1F47_A_KA14A_	1F47_B_wt	0.497
1JRH_LH_DL28A_	1JRH_I_wt	0.1017
1R0R_E_wt	1R0R_I_YI20E_	0.17676
1CHO_EFG_wt	1CHO_I_LI18E_	0.28682
1JTG_A_wt	1JTG_B_YB143A_	0.04191
1SBB_A_wt	1SBB_B_LB20T_	0.60258
3NPS_A_IA41A_	3NPS_BC_wt	-0.1813
3SGB_E_wt	3SGB_I_NI36C_	-0.27219
1PPF_E_wt	1PPF_I_KI13T_	-0.16114
2JEL_LH_wt	2JEL_P_NP12D_	-0.02359
1PPF_E_wt	1PPF_I_AI15V_TI17S_RI21M_NI28S_KI29Q_GI32S_KI34E_EI43D_	0.01363
1DAN_HL_wt	1DAN_UT_QT69A_	0.03892
1CHO_EFG_wt	1CHO_I_YI20E_	0.11558
2QJB_AB_wt	2QJB_C_TC74A_LC78M_GC79K_LC80Y_HC42G_EC46D_TC61A_MC62I_	-0.03678
2J0T_A_wt	2J0T_D_SD68Y_	0.15441
1CHO_EFG_wt	1CHO_I_TI17K_LI18R_	0.34798
3SGB_E_wt	3SGB_I_PI14S_AI15L_TI17K_LI18R_	0.17853
2JEL_LH_wt	2JEL_P_QP4K_	0.11247
2J0T_A_wt	2J0T_D_TD2L_	0.12487
1CHO_EFG_wt	1CHO_I_EI10D_KI13R_AI15D_RI21M_EI43D_	-0.13979
3SGB_E_wt	3SGB_I_TI17K_LI18R_	0.21125
1JTG_A_QA99A_	1JTG_B_FB142A_	0.28499
1CHO_EFG_wt	1CHO_I_AI15Q_	-0.33446
1CHO_EFG_wt	1CHO_I_GI32E_	-0.1206
1REW_AB_PA50A_PB50A_	1REW_C_wt	0.01668
1DAN_HL_wt	1DAN_UT_DT44A_	-0.00672
3SGB_E_wt	3SGB_I_TI17P_	0.00652
1A22_A_EA174A_	1A22_B_wt	-0.18696
1R0R_E_wt	1R0R_I_AI15R_LI18R_	0.48149
1R0R_E_wt	1R0R_I_KI13W_	-0.38646
1ACB_E_wt	1ACB_I_LI45G_	0.1505
1BRS_A_EA73F_	1BRS_D_wt	-0.54589
1CHO_EFG_wt	1CHO_I_AI15L_	-0.36416
1P69_A_wt	1P69_B_wt	0.24653
1R0R_E_wt	1R0R_I_EI19L_	-0.22163
1R0R_E_wt	1R0R_I_PI14S_AI15L_TI17K_LI18R_	0.19924
1PPF_E_wt	1PPF_I_PI14I_	-0.33997
3SGB_E_wt	3SGB_I_KI13E_	-0.30344
1EMV_A_SA65E_NA69K_TA70E_VA71I_QA73E_	1EMV_B_wt	-0.72555
3BP8_A_FA136A_	3BP8_C_wt	0.06615
2PCC_A_wt	2PCC_B_AB81G_	0.51764
1CHO_EFG_wt	1CHO_I_KI13F_	-0.27041
1CHO_EFG_wt	1CHO_I_NI36M_	-0.39852
1JTG_A_wt	1JTG_B_KB74A_	0.37201
3SGB_E_wt	3SGB_I_RI21E_	-0.24054
1CHO_EFG_wt	1CHO_I_KI13E_	-0.36019
1VFB_AB_WA92A_	1VFB_C_RC125A_	0.39935
2QJB_AB_wt	2QJB_C_wt	0.0054
2SGP_E_wt	2SGP_I_PI18L_	-0.30661
3SGB_E_wt	3SGB_I_PI14Y_	-0.34612
1CHO_EFG_wt	1CHO_I_RI21N_	-0.03051
3HFM_HL_wt	3HFM_Y_RY21M_	-0.03702
1R0R_E_wt	1R0R_I_PI14N_	-0.36795
3HFM_HL_wt	3HFM_Y_KY96A_	0.4016
1BRS_A_RA59K_	1BRS_D_wt	-0.41478
1JCK_A_wt	1JCK_B_KB103A_	0.45209
2HLE_A_wt	2HLE_B_wt	0.12947
2OOB_A_wt	2OOB_B_wt	0.5544
2WPT_A_EA17Q_FA18L_KA20T_KA21T_RA24N_EA26D_GA27T_AA28S_TA29S_DA32E_DA33L_NA34V_RA38T_EA39H_RA42E_LA43M_DA48S_RA57K_DA58E_DA59G_RA60D_EA61D_	2WPT_B_wt	-0.72555
3SGB_E_wt	3SGB_I_LI18Q_	-0.05617
1EMV_A_wt	1EMV_B_NB72A_	-0.58278
1DVF_AB_wt	1DVF_CD_QD100A_	0.21462
1R0R_E_wt	1R0R_I_LI18M_TI49N_KI55T_	-0.36019
1PPF_E_wt	1PPF_I_LI18I_	-0.24959
1PPF_E_wt	1PPF_I_LI18A_	-0.0774
1DAN_HL_wt	1DAN_UT_TT52A_	0.05931
1PPF_E_wt	1PPF_I_RI21A_	-0.157
1VFB_AB_HA30A_	1VFB_C_wt	0.17282
1JTG_A_SA130A_	1JTG_B_wt	0.07056
1A22_A_wt	1A22_B_RB271A_	-0.09085
1A22_A_wt	1A22_B_EB291A_	-0.12492
1DAN_HL_wt	1DAN_UT_EU130A_RU131F_	0.01677
1CHO_EFG_wt	1CHO_I_TI17R_LI18R_	0.32939
3SGB_E_wt	3SGB_I_TI17D_	0.18109
1PPF_E_wt	1PPF_I_AI15D_	-0.06546
3BTF_E_wt	3BTF_I_FI515K_	-0.64602
1A22_A_HA18A_	1A22_B_wt	-0.14325
1CBW_FGH_wt	1CBW_I_wt	0.06519
1DQJ_AB_DB32A_	1DQJ_C_KC97A_	0.0839
1A22_A_wt	1A22_B_wt	-0.11916
1R0R_E_wt	1R0R_I_LI18K_	0.02681
1JTG_A_PA107A_	1JTG_B_YB50A_	-0.06073
1PPF_E_wt	1PPF_I_AI15D_GI32A_	-0.06342
2SGQ_E_wt	2SGQ_I_QI18L_	-0.30661
1CHO_EFG_wt	1CHO_I_AI15H_	-0.41016
1A22_A_HA21A_	1A22_B_wt	-0.07923
3SGB_E_wt	3SGB_I_YI20C_	-0.13979
3HFM_HL_YL50F_	3HFM_Y_YY20A_	0.32531
3NPS_A_DA96A_	3NPS_BC_wt	-0.09493
1JTG_A_QA99A_	1JTG_B_HB148A_	0.32312
1EMV_A_NA69A_	1EMV_B_wt	-0.7126
1CBW_FGH_wt	1CBW_I_KI15N_	0.19825
3SGB_E_wt	3SGB_I_AI15L_	-0.28999
1A22_A_wt	1A22_B_NB272A_	-0.12745
1PPF_E_wt	1PPF_I_TI17G_	0.17676
1FCC_A_wt	1FCC_C_KC28A_	0.36064
1JTG_A_VA103A_	1JTG_B_FB142A_	0.45431
2J0T_A_wt	2J0T_D_wt	-0.12678
1A22_A_MA14A_	1A22_B_wt	-0.09474
1A4Y_A_wt	1A4Y_B_KB40Q_	-0.50099
1JTG_A_YA105A_	1JTG_B_KB74A_FB142A_YB143A_	0.42566
3SGB_E_wt	3SGB_I_KI13C_	-0.36416
1A22_A_wt	1A22_B_EB279A_	-0.15055
1JCK_A_wt	1JCK_B_TB20A_	0.54965
1PPF_E_wt	1PPF_I_NI36S_	-0.30996
1ACB_E_wt	1ACB_I_LI45P_	0.23226
1F47_A_PA9A_	1F47_B_wt	0.49551
1DQJ_AB_YB50A_	1DQJ_C_wt	0.65923
1CHO_EFG_wt	1CHO_I_EI10D_AI15V_TI17S_RI21M_VI42A_EI43D_	0.13844
1HE8_A_KA223V_KA234A_	1HE8_B_wt	0.49799
1PPF_E_wt	1PPF_I_RI21V_LI23I_	-0.20631
1IAR_A_TA13A_	1IAR_B_wt	-0.09846
2WPT_A_wt	2WPT_B_SB74A_	0.12194
1CBW_FGH_wt	1CBW_I_II19A_	0.0782
1R0R_E_wt	1R0R_I_AI15D_LI18A_YI20D_	0.60251
1EAW_A_TA150A_	1EAW_B_wt	-0.25697
1CHO_EFG_wt	1CHO_I_YI11H_EI19D_LI23I_NI28S_GI32S_NI36D_VI42M_EI43D_	-0.36416
1R0R_E_wt	1R0R_I_AI15V_TI17S_LI18P_RI21M_NI28S_GI32N_NI36D_NI39S_SI51G_	0.63073
1GC1_G_wt	1GC1_C_SC49A_	0.04814
2PCC_A_wt	2PCC_B_KB72A_	0.35823
3BK3_A_wt	3BK3_C_IC21A_	0.22458
1DVF_AB_wt	1DVF_CD_ND54A_	0.23776
1Z7X_W_WW261A_	1Z7X_X_wt	-0.54939
1R0R_E_wt	1R0R_I_NI36W_	-0.27219
1MAH_A_YA337A_	1MAH_F_wt	-0.54177
1R0R_E_wt	1R0R_I_NI36D_	-0.22163
1R0R_E_wt	1R0R_I_YI20P_	0.37713
1R0R_E_wt	1R0R_I_EI10D_TI17S_EI19D_RI21M_NI28S_GI32S_EI43D_GI54E_	-0.14994
2G2U_A_wt	2G2U_B_EB73M_SB130K_SB146M_	0.00167
1A4Y_A_YA434A_DA435A_	1A4Y_B_KB40G_	-0.34076
1PPF_E_wt	1PPF_I_TI17D_	0.30703
1BRS_A_HA102A_	1BRS_D_WD38F_	-0.0066
1GC1_G_wt	1GC1_C_TC11A_	-0.01282
1CHO_EFG_wt	1CHO_I_NI28S_	-0.378
1CHO_EFG_wt	1CHO_I_AI15T_	-0.28264
3HFM_HL_YL96A_	3HFM_Y_wt	-0.0256
1EMV_A_YA54A_	1EMV_B_FB86A_	0.17109
1CHO_EFG_wt	1CHO_I_TI17I_	-0.01865
3SGB_E_wt	3SGB_I_LI18S_	0.10258
1CHO_EFG_wt	1CHO_I_EI10D_AI15V_TI17S_RI21M_NI28S_GI32S_NI36D_VI41F_EI43D_TI49S_	0.03856
1DAN_HL_wt	1DAN_UT_DU129A_	0.01628
1GC1_G_wt	1GC1_C_QC89A_	0.00418
1DVF_AB_TB30A_	1DVF_CD_wt	0.14266
1ACB_E_wt	1ACB_I_LI45I_	-0.02938
1R0R_E_wt	1R0R_I_YI20M_	0.0312
1AHW_AB_wt	1AHW_C_TC167A_	-0.02359
1DAN_HL_wt	1DAN_UT_GT43A_	-0.497
1R0R_E_wt	1R0R_I_LI18M_HI52R_KI55E_	-0.36795
1A4Y_A_wt	1A4Y_B_RB33A_	-0.92945
2G2U_A_wt	2G2U_B_WB150A_	0.50496
1REW_AB_wt	1REW_C_QC86A_	0.17043
3NPS_A_DA217A_	3NPS_BC_wt	-0.09895
3SGB_E_wt	3SGB_I_EI10D_AI15V_TI17S_RI21M_NI28S_GI32N_NI36D_SI51G_	0.07656
3BTH_E_wt	3BTH_I_HI515K_	-0.64602
1CSE_E_wt	1CSE_I_LI45P_	0.19756
3SGB_E_wt	3SGB_I_KI13D_	-0.36795
1PPF_E_wt	1PPF_I_RI21V_	-0.21188
1CHO_EFG_wt	1CHO_I_EI19R_	-0.0157
1PPF_E_wt	1PPF_I_NI36P_	-0.4687
1A4Y_A_WA318A_	1A4Y_B_wt	-0.79163
1EAW_A_wt	1EAW_B_wt	-0.26589
2WPT_A_DA33A_	2WPT_B_FB86A_	0.19439
1CHO_EFG_wt	1CHO_I_LI18M_SI51N_	-0.34055
1Z7X_W_YW434A_YW437A_	1Z7X_X_wt	0.02025
3SGB_E_wt	3SGB_I_TI17M_LI18S_GI32V_	0.37334
1R0R_E_wt	1R0R_I_YI20V_	0.06772
1CHO_EFG_wt	1CHO_I_KI13S_	-0.41998
3SGB_E_wt	3SGB_I_LI18V_	-0.00744
1A22_A_wt	1A22_B_RB243L_	-0.10024
1R0R_E_wt	1R0R_I_PI14F_	-0.14168
1KTZ_A_RA94K_	1KTZ_B_wt	0.3846
1PPF_E_wt	1PPF_I_AI15V_	-0.15776
2JEL_LH_wt	2JEL_P_SP43C_	-0.02359
3SGB_E_wt	3SGB_I_AI15D_GI32A_	-0.20023
1EMV_A_EA32A_	1EMV_B_wt	-0.71834
3D5R_A_wt	3D5R_C_wt	0.0867
1Z7X_W_WW438A_SW439A_EW440A_	1Z7X_X_wt	-0.48593
1JTG_A_wt	1JTG_B_SB71A_SB113A_	0.0493
1EMV_A_LA52A_	1EMV_B_wt	-0.68035
2VLR_ABC_wt	2VLR_DE_wt	0.4136
1AHW_AB_wt	1AHW_C_YC157A_	-0.20469
1CHO_EFG_wt	1CHO_I_LI18Q_	-0.05769
3SGB_E_wt	3SGB_I_PI14D_	-0.40827
1JRH_LH_wt	1JRH_I_KI47M_	0.39763
1AK4_A_wt	1AK4_D_wt	0.33046
1DAN_HL_wt	1DAN_UT_KT65A_DT66A_	-0.03137
1KIQ_AB_FB101Y_	1KIQ_C_wt	-0.0112
2SGQ_E_wt	2SGQ_I_wt	-0.05041
3SGB_E_wt	3SGB_I_GI32Q_	-0.0157
1BRS_A_EA73W_	1BRS_D_DD35A_	-0.19906
1CHO_EFG_wt	1CHO_I_YI20G_	-0.06546
1GCQ_AB_wt	1GCQ_C_PC609A_	0.49491
2QJA_AB_wt	2QJA_C_GC42H_DC46E_AC61T_IC62M_	0.0054
1TM1_E_wt	1TM1_I_RI67C_	-0.133
1XD3_A_wt	1XD3_B_KB11R_	0.37085
1R0R_E_wt	1R0R_I_KI13A_	-0.3377
1GC1_G_wt	1GC1_C_DC56A_	-0.01978
1GC1_G_wt	1GC1_C_VC86A_	-0.01978
1R0R_E_wt	1R0R_I_GI32K_	0.01117
3SGB_E_wt	3SGB_I_AI15D_LI18A_YI20D_	0.26102
1JTG_A_NA100A_	1JTG_B_KB74A_	0.35409
1CHO_EFG_wt	1CHO_I_EI19D_	-0.29124
1BRS_A_EA73Q_	1BRS_D_ED76A_	-0.41705
1PPF_E_wt	1PPF_I_TI17C_	0.02794
1S1Q_A_NA45A_	1S1Q_B_wt	0.82916
1PPF_E_wt	1PPF_I_EI10D_LI18F_RI21M_EI43D_	0.27059
2G2U_A_wt	2G2U_B_HB41A_	0.49816
1MAH_A_YA124Q_WA286R_	1MAH_F_wt	0.38826
3SGB_E_wt	3SGB_I_KI13T_	-0.4984
2AJF_A_wt	2AJF_E_wt	0.07606
1LFD_A_MA30K_DA58K_	1LFD_B_wt	0.25417
2VLJ_ABC_wt	2VLJ_DE_NE55A_	0.52977
3SGB_E_wt	3SGB_I_LI18W_	-0.12306
1JTG_A_RA243A_SA235A_	1JTG_B_DB49A_	0.06572
1VFB_AB_EB98A_	1VFB_C_wt	0.20392
3BTH_E_wt	3BTH_I_wt	0.22107
1GC1_G_wt	1GC1_C_QC20A_	-0.01448
3BK3_A_wt	3BK3_C_wt	0.09414
1AK4_A_wt	1AK4_D_HD487A_	0.56725
2J0T_A_wt	2J0T_D_SD68A_	0.06744
3HFM_HL_wt	3HFM_Y_DY101S_	-0.03878
1CHO_EFG_wt	1CHO_I_NI36R_	-0.22163
1PPF_E_wt	1PPF_I_NI36D_	-0.48035
3HFM_HL_YH33L_	3HFM_Y_wt	0.1433
1R0R_E_wt	1R0R_I_LI18S_	-0.12306
1FFW_A_TA87I_	1FFW_B_wt	0.29861
3SGB_E_wt	3SGB_I_EI10D_TI17L_RI21M_GI32D_NI36S_EI43D_TI49S_	0.06445
1A22_A_NA12A_	1A22_B_wt	-0.08077
1DAN_HL_wt	1DAN_UT_LT72A_	0.03295
1DVF_AB_wt	1DVF_CD_HD33A_	0.23776
1DAN_HL_wt	1DAN_UT_KT15A_	-0.02071
2JEL_LH_wt	2JEL_P_NP38T_	-0.02359
1CHO_EFG_wt	1CHO_I_YI20I_	-0.17044
1PPF_E_wt	1PPF_I_PI14V_	-0.32755
2WPT_A_NA34A_	2WPT_B_wt	0.03362
1A22_A_wt	1A22_B_FB296S_	-0.15155
1DAN_HL_wt	1DAN_UT_WT25F_	0.08028
1CHO_EFG_wt	1CHO_I_NI36E_	-0.14841
3HFM_HL_YH50F_	3HFM_Y_wt	0.10369
3NPS_A_RA60fA_	3NPS_BC_wt	-0.23153
1DAN_HL_wt	1DAN_UT_FU140A_	0.18889
1PPF_E_wt	1PPF_I_GI32V_	0.07327
1JRH_LH_wt	1JRH_I_KI52M_	0.55921
2J0T_A_wt	2J0T_D_TD2L_VD4S_	0.20349
1R0R_E_wt	1R0R_I_RI21H_	-0.22595
1PPF_E_wt	1PPF_I_TI17H_	-0.01082
1EMV_A_LA33A_	1EMV_B_FB86A_	-0.03273
1PPF_E_wt	1PPF_I_YI20P_	0.35067
3HFM_HL_wt	3HFM_Y_KY96R_	0.28851
1PPF_E_wt	1PPF_I_EI19S_	0.0042
1N8O_ABC_wt	1N8O_E_ME84L_	-0.42101
1DQJ_AB_NA31A_	1DQJ_C_wt	0.17282
1CHO_EFG_wt	1CHO_I_TI17L_	0.0566
1DAN_HL_wt	1DAN_UT_VU179A_	0.04987
1EAW_A_EA169A_	1EAW_B_wt	-0.1957
1JTG_A_EA110A_	1JTG_B_SB71A_	0.50445
1FC2_C_IC135W_	1FC2_D_wt	0.3846
1LFD_A_DA56A_	1LFD_B_wt	0.33095
1EAW_A_FA94A_	1EAW_B_wt	-0.19322
3NPS_A_QA221aA_	3NPS_BC_wt	-0.2494
3SGB_E_wt	3SGB_I_EI10D_AI15V_EI19D_RI21M_GI32S_EI43D_LI48I_KI55R_	-0.1997
1AHW_AB_wt	1AHW_C_DC178A_	-0.06456
1IAR_A_IA5R_	1IAR_B_wt	-0.11667
1R0R_E_wt	1R0R_I_PI14G_	-0.31171
1CBW_FGH_wt	1CBW_I_KI15Q_	0.09667
1CHO_EFG_wt	1CHO_I_LI18R_	0.01626
2C0L_A_QA586R_	2C0L_B_wt	0.3182
1CHO_EFG_wt	1CHO_I_GI32Y_	-0.47479
1VFB_AB_DB58A_	1VFB_C_wt	0.06786
1R0R_E_wt	1R0R_I_GI32E_	-0.08273
1NMB_N_wt	1NMB_LH_TL93F_	0.1347
1PPF_E_wt	1PPF_I_PI14G_	-0.16828
3SGB_E_wt	3SGB_I_RI21Y_	-0.27768
1DAN_HL_wt	1DAN_UT_TT60A_	-0.27295
1R0R_E_wt	1R0R_I_PI14C_	-0.37477
1R0R_E_wt	1R0R_I_RI21A_	-0.28713
1CHO_EFG_wt	1CHO_I_YI11H_YI20D_TI30I_GI32S_NI36D_VI42L_	0.29968
